시간,발전량
2025-01-01 00:00,1.25800134471141
2025-01-01 01:00,0.6543280813831602
2025-01-01 02:00,0.6170512330221001
2025-01-01 03:00,1.3801378074686397
2025-01-01 04:00,2.6355172015382164
2025-01-01 05:00,2.741300779539115
2025-01-01 06:00,3.0532135782016936
2025-01-01 07:00,2.246957651530455
2025-01-01 08:00,2.973853029322802
2025-01-01 09:00,2.0659484078089005
2025-01-01 10:00,1.9465181097468596
2025-01-01 11:00,3.7469182042205773
2025-01-01 12:00,4.438289851829303
2025-01-01 13:00,3.465219636597918
2025-01-01 14:00,3.9109054489812416
2025-01-01 15:00,4.547988359155505
2025-01-01 16:00,5.068189736929199
2025-01-01 17:00,6.080902610685012
2025-01-01 18:00,6.257516592510182
2025-01-01 19:00,8.015043067469612
2025-01-01 20:00,10.102811063375077
2025-01-01 21:00,10.33103931225626
2025-01-01 22:00,10.738434051645948
2025-01-01 23:00,9.47239877927602
2025-01-02 00:00,7.303712129179203
2025-01-02 01:00,7.073858705454351
2025-01-02 02:00,6.29562989880964
2025-01-02 03:00,6.927242391937509
2025-01-02 04:00,6.206471894012683
2025-01-02 05:00,6.671819208359633
2025-01-02 06:00,6.256252893320153
2025-01-02 07:00,4.699869116039572
2025-01-02 08:00,6.779091411582388
2025-01-02 09:00,6.8233750845863135
2025-01-02 10:00,4.995008960003163
2025-01-02 11:00,4.847072415254613
2025-01-02 12:00,5.733203188261792
2025-01-02 13:00,5.972820127991803
2025-01-02 14:00,9.61129500056291
2025-01-02 15:00,13.644072100989845
2025-01-02 16:00,15.90060571112136
2025-01-02 17:00,16.81771461379185
2025-01-02 18:00,14.121565756044552
2025-01-02 19:00,14.356235762496787
2025-01-02 20:00,13.821973789192022
2025-01-02 21:00,13.256334021599983
2025-01-02 22:00,11.803447160504144
2025-01-02 23:00,9.667886492863731
2025-01-03 00:00,12.546248849947732
2025-01-03 01:00,14.01712786786162
2025-01-03 02:00,19.03681424314479
2025-01-03 03:00,21.324184410246797
2025-01-03 04:00,24.41145737709424
2025-01-03 05:00,25.674359126507003
2025-01-03 06:00,24.965377458068755
2025-01-03 07:00,23.50482334803877
2025-01-03 08:00,22.407164122791325
2025-01-03 09:00,18.896763494581368
2025-01-03 10:00,11.585973549279482
2025-01-03 11:00,7.366037429444449
2025-01-03 12:00,6.267129750171321
2025-01-03 13:00,5.575077593422634
2025-01-03 14:00,4.392840649117077
2025-01-03 15:00,5.453725057719623
2025-01-03 16:00,4.730156569558851
2025-01-03 17:00,9.119790382270226
2025-01-03 18:00,12.710444460048498
2025-01-03 19:00,18.45528711149073
2025-01-03 20:00,22.09255397029639
2025-01-03 21:00,23.59882725422356
2025-01-03 22:00,21.56150754618207
2025-01-03 23:00,22.41574077677107
2025-01-04 00:00,12.720977820426894
2025-01-04 01:00,10.300912201074228
2025-01-04 02:00,9.500222463019348
2025-01-04 03:00,7.676824202609098
2025-01-04 04:00,4.738915258144541
2025-01-04 05:00,2.6890684271323386
2025-01-04 06:00,1.8939495946558897
2025-01-04 07:00,1.7810802871510105
2025-01-04 08:00,2.008202030963738
2025-01-04 09:00,1.5105430177664942
2025-01-04 10:00,1.1628094399361604
2025-01-04 11:00,0.4631107447860055
2025-01-04 12:00,0.6763176100980012
2025-01-04 13:00,0.4015460051634099
2025-01-04 14:00,0.5333155749345919
2025-01-04 15:00,1.327935683176199
2025-01-04 16:00,1.6192145158001086
2025-01-04 17:00,1.6929130135910107
2025-01-04 18:00,1.553006263637421
2025-01-04 19:00,2.271344612016803
2025-01-04 20:00,3.6921084622442493
2025-01-04 21:00,3.8619221146065215
2025-01-04 22:00,5.3839241491509915
2025-01-04 23:00,5.9816822783548735
2025-01-05 00:00,7.718256409740878
2025-01-05 01:00,6.992509208476885
2025-01-05 02:00,8.719496058619994
2025-01-05 03:00,12.241975753650879
2025-01-05 04:00,19.440986289386515
2025-01-05 05:00,24.22569558159638
2025-01-05 06:00,29.724595118428795
2025-01-05 07:00,32.69286861887034
2025-01-05 08:00,35.31424832443733
2025-01-05 09:00,45.57237688737987
2025-01-05 10:00,43.997668128447344
2025-01-05 11:00,47.10695988377955
2025-01-05 12:00,42.70664600872298
2025-01-05 13:00,42.54303671626952
2025-01-05 14:00,40.019652386466184
2025-01-05 15:00,37.74874064226294
2025-01-05 16:00,29.09030571705017
2025-01-05 17:00,23.31198917824452
2025-01-05 18:00,14.817448024348046
2025-01-05 19:00,10.04560390761079
2025-01-05 20:00,11.5995378332084
2025-01-05 21:00,11.603420654610728
2025-01-05 22:00,15.044451315796861
2025-01-05 23:00,14.504750704993569
2025-01-06 00:00,28.634424755555404
2025-01-06 01:00,26.167498068078412
2025-01-06 02:00,27.135942550164177
2025-01-06 03:00,26.92471888081364
2025-01-06 04:00,24.37704224418314
2025-01-06 05:00,22.102446652109503
2025-01-06 06:00,21.21423076150107
2025-01-06 07:00,23.4754499519303
2025-01-06 08:00,25.02243274597274
2025-01-06 09:00,27.2271795378755
2025-01-06 10:00,34.85893274475202
2025-01-06 11:00,42.05316240745511
2025-01-06 12:00,45.65736542917577
2025-01-06 13:00,50.26018524805304
2025-01-06 14:00,56.95977140521912
2025-01-06 15:00,56.12401583881584
2025-01-06 16:00,55.53158174308493
2025-01-06 17:00,56.949905111425444
2025-01-06 18:00,57.20766717507718
2025-01-06 19:00,56.11853327695234
2025-01-06 20:00,58.32396587047339
2025-01-06 21:00,57.04783781475775
2025-01-06 22:00,57.197358243896815
2025-01-06 23:00,57.9320385633413
2025-01-07 00:00,54.07940340484091
2025-01-07 01:00,54.23354606973684
2025-01-07 02:00,52.876704595839264
2025-01-07 03:00,49.28221294135989
2025-01-07 04:00,45.84299173228943
2025-01-07 05:00,39.133043219486936
2025-01-07 06:00,27.616207618878448
2025-01-07 07:00,22.764810243441058
2025-01-07 08:00,19.44226016623683
2025-01-07 09:00,22.295875656499273
2025-01-07 10:00,27.193297507918384
2025-01-07 11:00,38.03628471630529
2025-01-07 12:00,47.10054613722901
2025-01-07 13:00,48.14616413572967
2025-01-07 14:00,51.81260239588199
2025-01-07 15:00,51.60903425763383
2025-01-07 16:00,54.95257193235167
2025-01-07 17:00,52.967913192987965
2025-01-07 18:00,49.48388675077948
2025-01-07 19:00,50.921542910378925
2025-01-07 20:00,48.83393801733726
2025-01-07 21:00,45.199695041119575
2025-01-07 22:00,50.522190563017624
2025-01-07 23:00,42.7035849400128
2025-01-08 00:00,43.28330561047787
2025-01-08 01:00,41.82741352213429
2025-01-08 02:00,39.01132889979028
2025-01-08 03:00,41.55373283689132
2025-01-08 04:00,42.757501884957286
2025-01-08 05:00,41.12818232394691
2025-01-08 06:00,33.459081214128744
2025-01-08 07:00,30.417428667929645
2025-01-08 08:00,26.068424425233292
2025-01-08 09:00,24.34498601844494
2025-01-08 10:00,24.572369497090687
2025-01-08 11:00,24.41886201641509
2025-01-08 12:00,35.87112919525497
2025-01-08 13:00,37.631239587966085
2025-01-08 14:00,37.81509260798779
2025-01-08 15:00,46.083515486573695
2025-01-08 16:00,51.85023369595435
2025-01-08 17:00,53.930516247236795
2025-01-08 18:00,56.716172149786956
2025-01-08 19:00,56.205645560589595
2025-01-08 20:00,57.0098967155659
2025-01-08 21:00,57.5792542393827
2025-01-08 22:00,56.14290585882954
2025-01-08 23:00,57.18300184222756
2025-01-09 00:00,56.28028854564258
2025-01-09 01:00,56.89809254573655
2025-01-09 02:00,55.24689506081496
2025-01-09 03:00,56.01310663213642
2025-01-09 04:00,58.30944890326011
2025-01-09 05:00,56.486410175294175
2025-01-09 06:00,54.53568524762244
2025-01-09 07:00,56.32951379889562
2025-01-09 08:00,55.696165668152446
2025-01-09 09:00,58.95466966349977
2025-01-09 10:00,56.29749598690844
2025-01-09 11:00,55.90273952651457
2025-01-09 12:00,56.741549816905156
2025-01-09 13:00,56.44746875561949
2025-01-09 14:00,57.05345288437635
2025-01-09 15:00,56.82937842605235
2025-01-09 16:00,57.09003044886682
2025-01-09 17:00,55.687838485185374
2025-01-09 18:00,57.386348863204766
2025-01-09 19:00,57.69922126644085
2025-01-09 20:00,54.87106388047999
2025-01-09 21:00,53.93334066695905
2025-01-09 22:00,55.31093814335437
2025-01-09 23:00,51.289594246183896
2025-01-10 00:00,37.02215327672939
2025-01-10 01:00,33.402626266716
2025-01-10 02:00,26.5326482286719
2025-01-10 03:00,27.80322176123214
2025-01-10 04:00,23.60035268602114
2025-01-10 05:00,21.2758307659284
2025-01-10 06:00,19.37111502151649
2025-01-10 07:00,17.255120167622298
2025-01-10 08:00,13.78123401245466
2025-01-10 09:00,12.969637508949035
2025-01-10 10:00,10.520650976003399
2025-01-10 11:00,7.726652247364524
2025-01-10 12:00,8.459141672195924
2025-01-10 13:00,8.60915408010386
2025-01-10 14:00,8.594692522442767
2025-01-10 15:00,11.308683879905622
2025-01-10 16:00,12.271823775091638
2025-01-10 17:00,13.491637032508622
2025-01-10 18:00,13.273764160594416
2025-01-10 19:00,16.614664388364456
2025-01-10 20:00,14.623549331724464
2025-01-10 21:00,18.431595243411497
2025-01-10 22:00,17.469624138492872
2025-01-10 23:00,16.81988704742173
2025-01-11 00:00,5.169454329544556
2025-01-11 01:00,6.659602257104022
2025-01-11 02:00,8.388518107984295
2025-01-11 03:00,7.729109282258171
2025-01-11 04:00,9.182615170177195
2025-01-11 05:00,5.881737740856477
2025-01-11 06:00,5.337608315995371
2025-01-11 07:00,4.173108237159914
2025-01-11 08:00,4.0939789142830945
2025-01-11 09:00,2.233439258279971
2025-01-11 10:00,1.670117704905054
2025-01-11 11:00,2.0161131521438835
2025-01-11 12:00,1.7564608588744337
2025-01-11 13:00,2.2402419817604025
2025-01-11 14:00,3.9296796491140586
2025-01-11 15:00,2.443792921893466
2025-01-11 16:00,3.3202232739237316
2025-01-11 17:00,3.4279082446179885
2025-01-11 18:00,4.642733484676307
2025-01-11 19:00,3.9663034760490645
2025-01-11 20:00,4.353402190591698
2025-01-11 21:00,4.413812498202543
2025-01-11 22:00,5.224936555870827
2025-01-11 23:00,5.289006278344213
2025-01-12 00:00,2.7765202170095526
2025-01-12 01:00,2.867385739323026
2025-01-12 02:00,3.5880860435027766
2025-01-12 03:00,3.905452527995122
2025-01-12 04:00,4.735338554660087
2025-01-12 05:00,5.556237365664377
2025-01-12 06:00,5.666962986188273
2025-01-12 07:00,5.511687878777578
2025-01-12 08:00,4.211359428184996
2025-01-12 09:00,3.3005735445020563
2025-01-12 10:00,1.8062021520478304
2025-01-12 11:00,1.8499284786996777
2025-01-12 12:00,1.9177657992925552
2025-01-12 13:00,2.658964977142007
2025-01-12 14:00,3.295906948047809
2025-01-12 15:00,2.881454452903899
2025-01-12 16:00,2.5871865885552405
2025-01-12 17:00,3.6720418165779685
2025-01-12 18:00,5.541752294918485
2025-01-12 19:00,6.255066184550036
2025-01-12 20:00,7.590993001102287
2025-01-12 21:00,7.545832710689623
2025-01-12 22:00,7.078808683050173
2025-01-12 23:00,7.877596313749095
2025-01-13 00:00,5.129114889408499
2025-01-13 01:00,4.371867596018916
2025-01-13 02:00,2.670793586262801
2025-01-13 03:00,3.8181749663646563
2025-01-13 04:00,3.327030355496382
2025-01-13 05:00,2.8664271137190234
2025-01-13 06:00,2.311947163675414
2025-01-13 07:00,2.259231465915501
2025-01-13 08:00,1.6285300250781427
2025-01-13 09:00,2.1491493552914123
2025-01-13 10:00,1.5944407810602292
2025-01-13 11:00,1.5742693145166247
2025-01-13 12:00,2.1234602748200895
2025-01-13 13:00,2.5369755805971637
2025-01-13 14:00,4.171544739342216
2025-01-13 15:00,7.796946923937507
2025-01-13 16:00,8.281581610714811
2025-01-13 17:00,9.138274739925821
2025-01-13 18:00,15.4842283822528
2025-01-13 19:00,24.9794935513364
2025-01-13 20:00,31.04095313954286
2025-01-13 21:00,30.723785860461973
2025-01-13 22:00,34.18116571111583
2025-01-13 23:00,36.381963502343204
2025-01-14 00:00,28.05787136085475
2025-01-14 01:00,29.62825977153381
2025-01-14 02:00,31.55683113238415
2025-01-14 03:00,30.108646718359797
2025-01-14 04:00,28.025203059323314
2025-01-14 05:00,26.831189293095395
2025-01-14 06:00,23.891069067277357
2025-01-14 07:00,23.584881883543797
2025-01-14 08:00,23.642106555303712
2025-01-14 09:00,20.79977221072185
2025-01-14 10:00,17.398307006200003
2025-01-14 11:00,13.64836042679623
2025-01-14 12:00,12.756070775900659
2025-01-14 13:00,11.569879307155633
2025-01-14 14:00,14.951820249659292
2025-01-14 15:00,17.401795338416687
2025-01-14 16:00,16.244784421962184
2025-01-14 17:00,19.909774354714155
2025-01-14 18:00,27.775800533515497
2025-01-14 19:00,36.55701789830882
2025-01-14 20:00,38.27385582145531
2025-01-14 21:00,37.21380805630742
2025-01-14 22:00,40.346373988936996
2025-01-14 23:00,38.524171755594885
2025-01-15 00:00,43.860741518957774
2025-01-15 01:00,44.26079032710004
2025-01-15 02:00,41.772151369225156
2025-01-15 03:00,43.92852906028983
2025-01-15 04:00,45.51591677157176
2025-01-15 05:00,39.821879792356185
2025-01-15 06:00,42.082020510924856
2025-01-15 07:00,42.89441425247973
2025-01-15 08:00,41.36131638413841
2025-01-15 09:00,41.263255976814605
2025-01-15 10:00,42.15480013017602
2025-01-15 11:00,42.9772366609185
2025-01-15 12:00,42.18278040599464
2025-01-15 13:00,42.607539625428316
2025-01-15 14:00,40.939625818723464
2025-01-15 15:00,41.792222259233775
2025-01-15 16:00,41.26659569386839
2025-01-15 17:00,38.692224706001156
2025-01-15 18:00,38.50153385630572
2025-01-15 19:00,33.75449256021175
2025-01-15 20:00,32.46858700237012
2025-01-15 21:00,27.4937148329918
2025-01-15 22:00,22.452861906735308
2025-01-15 23:00,20.466503847882965
2025-01-16 00:00,6.409731990187311
2025-01-16 01:00,5.91802255371512
2025-01-16 02:00,5.729759032810914
2025-01-16 03:00,4.222791054888392
2025-01-16 04:00,3.6305561228645433
2025-01-16 05:00,7.342110442625874
2025-01-16 06:00,6.309695945544928
2025-01-16 07:00,7.305489443131999
2025-01-16 08:00,10.814103469036963
2025-01-16 09:00,9.353004336273843
2025-01-16 10:00,10.837277061490065
2025-01-16 11:00,17.191533890504598
2025-01-16 12:00,19.04908155804571
2025-01-16 13:00,21.874473489143423
2025-01-16 14:00,22.484142992143727
2025-01-16 15:00,26.324688873766732
2025-01-16 16:00,23.695591528037543
2025-01-16 17:00,23.128864292532338
2025-01-16 18:00,20.935457317163394
2025-01-16 19:00,21.222335585688445
2025-01-16 20:00,22.516677523484987
2025-01-16 21:00,21.96849440700771
2025-01-16 22:00,23.64988252705365
2025-01-16 23:00,23.676598840452158
2025-01-17 00:00,14.65702672960584
2025-01-17 01:00,16.80546480748599
2025-01-17 02:00,16.22991918322073
2025-01-17 03:00,16.382650662272024
2025-01-17 04:00,12.355174160265397
2025-01-17 05:00,9.745750980606358
2025-01-17 06:00,7.854785812503141
2025-01-17 07:00,5.679965506827998
2025-01-17 08:00,4.116206752929173
2025-01-17 09:00,3.3432158035571398
2025-01-17 10:00,3.801591738592102
2025-01-17 11:00,4.942431585388257
2025-01-17 12:00,4.71597365227907
2025-01-17 13:00,8.313236031807632
2025-01-17 14:00,8.74124105788149
2025-01-17 15:00,12.016143139342274
2025-01-17 16:00,14.52721671337155
2025-01-17 17:00,16.33546147028469
2025-01-17 18:00,14.4086458913656
2025-01-17 19:00,13.869831644964785
2025-01-17 20:00,13.170585083876118
2025-01-17 21:00,11.404362506475822
2025-01-17 22:00,9.299697078693603
2025-01-17 23:00,8.565538688844866
2025-01-18 00:00,2.592134166626169
2025-01-18 01:00,2.2582874445761214
2025-01-18 02:00,2.251631999973401
2025-01-18 03:00,2.3049799172954444
2025-01-18 04:00,2.3081502408910057
2025-01-18 05:00,2.022557267006488
2025-01-18 06:00,2.360552893665197
2025-01-18 07:00,2.327962339104008
2025-01-18 08:00,1.597266265500741
2025-01-18 09:00,1.3599837915142698
2025-01-18 10:00,1.1932070989699273
2025-01-18 11:00,1.0214890495488105
2025-01-18 12:00,1.2597134940090504
2025-01-18 13:00,0.700504135694929
2025-01-18 14:00,1.054271238524017
2025-01-18 15:00,1.1161520109462508
2025-01-18 16:00,2.3078415509351085
2025-01-18 17:00,1.7370734634806082
2025-01-18 18:00,2.307623090103458
2025-01-18 19:00,1.93249989674914
2025-01-18 20:00,1.8889103612858413
2025-01-18 21:00,1.0717180449657973
2025-01-18 22:00,1.4410552790881581
2025-01-18 23:00,1.43681093538782
2025-01-19 00:00,0.7876734342958627
2025-01-19 01:00,0.6955934990124927
2025-01-19 02:00,0.8057677379070664
2025-01-19 03:00,1.1371084820729547
2025-01-19 04:00,1.1093607447189855
2025-01-19 05:00,1.4056896277410313
2025-01-19 06:00,1.5457561855139463
2025-01-19 07:00,1.6553754378784724
2025-01-19 08:00,1.9758574595379834
2025-01-19 09:00,1.731009887388694
2025-01-19 10:00,1.989913605691808
2025-01-19 11:00,2.2727514675016933
2025-01-19 12:00,1.7696708925279427
2025-01-19 13:00,1.9246313408973725
2025-01-19 14:00,1.6791371971112241
2025-01-19 15:00,1.6762343749955713
2025-01-19 16:00,1.9175187454798734
2025-01-19 17:00,2.3486638605169183
2025-01-19 18:00,1.8084178254809817
2025-01-19 19:00,2.832992922609058
2025-01-19 20:00,4.794168710954399
2025-01-19 21:00,5.166674099794789
2025-01-19 22:00,5.652499376380334
2025-01-19 23:00,7.182721206049862
2025-01-20 00:00,6.622127150501908
2025-01-20 01:00,5.815423110460507
2025-01-20 02:00,7.15473614965601
2025-01-20 03:00,8.043876570613625
2025-01-20 04:00,6.668803590049876
2025-01-20 05:00,6.179800065029127
2025-01-20 06:00,4.619263049770235
2025-01-20 07:00,4.032111452267098
2025-01-20 08:00,5.658177162586486
2025-01-20 09:00,4.720678500655359
2025-01-20 10:00,3.603450965175014
2025-01-20 11:00,3.3283112541599063
2025-01-20 12:00,3.7176290224315736
2025-01-20 13:00,4.323864828611422
2025-01-20 14:00,2.780657676585573
2025-01-20 15:00,3.8841698477684328
2025-01-20 16:00,3.011194500355612
2025-01-20 17:00,3.3038161586236554
2025-01-20 18:00,5.476152252605904
2025-01-20 19:00,6.379551869674156
2025-01-20 20:00,6.541673478922601
2025-01-20 21:00,7.823418670534873
2025-01-20 22:00,8.146979995240399
2025-01-20 23:00,8.191039201485168
2025-01-21 00:00,4.748868668388066
2025-01-21 01:00,4.92448260140998
2025-01-21 02:00,4.57311713926762
2025-01-21 03:00,4.703988721243909
2025-01-21 04:00,4.389003216100228
2025-01-21 05:00,4.356191233675484
2025-01-21 06:00,3.7218522980502144
2025-01-21 07:00,3.476106271639899
2025-01-21 08:00,2.9955892819264984
2025-01-21 09:00,1.8035895731216982
2025-01-21 10:00,1.1358498388650948
2025-01-21 11:00,1.136501470802721
2025-01-21 12:00,1.1622956282382373
2025-01-21 13:00,1.3615512381219192
2025-01-21 14:00,1.8080870921892715
2025-01-21 15:00,1.832184421482568
2025-01-21 16:00,2.003569427832386
2025-01-21 17:00,0.884385210957304
2025-01-21 18:00,0.7522481903405865
2025-01-21 19:00,1.0366370750354739
2025-01-21 20:00,1.7163907202654165
2025-01-21 21:00,1.604258947061947
2025-01-21 22:00,2.3232320677681058
2025-01-21 23:00,3.1683316592316646
2025-01-22 00:00,1.1744397394577166
2025-01-22 01:00,1.7490416309833579
2025-01-22 02:00,2.1226037744837947
2025-01-22 03:00,2.346252832469538
2025-01-22 04:00,2.663328647790841
2025-01-22 05:00,2.801126128315834
2025-01-22 06:00,2.434758826900931
2025-01-22 07:00,2.8610540544504044
2025-01-22 08:00,3.5735459370010076
2025-01-22 09:00,2.99113313993616
2025-01-22 10:00,2.5377855125469346
2025-01-22 11:00,2.5186110976808735
2025-01-22 12:00,2.794976375858223
2025-01-22 13:00,2.486320451707397
2025-01-22 14:00,3.0274410713968454
2025-01-22 15:00,3.3599202510246187
2025-01-22 16:00,3.149032335154731
2025-01-22 17:00,3.4775324591466172
2025-01-22 18:00,2.470264559412869
2025-01-22 19:00,2.7800497620420312
2025-01-22 20:00,2.849284356193769
2025-01-22 21:00,2.806787370417353
2025-01-22 22:00,3.0566052162184634
2025-01-22 23:00,3.0370232434721074
2025-01-23 00:00,1.5456891083631268
2025-01-23 01:00,1.7898625041641292
2025-01-23 02:00,2.8750534302215063
2025-01-23 03:00,3.8233131725399994
2025-01-23 04:00,4.633531780529675
2025-01-23 05:00,4.76887353860883
2025-01-23 06:00,4.803292778238776
2025-01-23 07:00,4.372847064655865
2025-01-23 08:00,3.5812162807335035
2025-01-23 09:00,4.041156256507599
2025-01-23 10:00,3.7983233076476837
2025-01-23 11:00,3.2193550017053467
2025-01-23 12:00,3.8322190162727705
2025-01-23 13:00,4.472087149502625
2025-01-23 14:00,7.161195920319954
2025-01-23 15:00,10.53923975148051
2025-01-23 16:00,12.348164700040465
2025-01-23 17:00,15.514098199457543
2025-01-23 18:00,15.351258426559674
2025-01-23 19:00,13.5743611800643
2025-01-23 20:00,12.610329378983423
2025-01-23 21:00,10.678200929851407
2025-01-23 22:00,9.743067216393015
2025-01-23 23:00,9.361902930772946
2025-01-24 00:00,10.694808376580673
2025-01-24 01:00,11.630264750412161
2025-01-24 02:00,11.90216274466979
2025-01-24 03:00,14.73555566395757
2025-01-24 04:00,15.73519512985236
2025-01-24 05:00,16.88121425392023
2025-01-24 06:00,15.035005183744774
2025-01-24 07:00,13.902152969985146
2025-01-24 08:00,12.138615557374578
2025-01-24 09:00,10.583302487681614
2025-01-24 10:00,11.478954867750383
2025-01-24 11:00,12.439561419986982
2025-01-24 12:00,13.641680028014767
2025-01-24 13:00,17.977064837947015
2025-01-24 14:00,19.51710089738341
2025-01-24 15:00,23.558897410638405
2025-01-24 16:00,26.92528940486112
2025-01-24 17:00,28.54617594461219
2025-01-24 18:00,29.065956393098517
2025-01-24 19:00,27.252394861638646
2025-01-24 20:00,24.462646330403157
2025-01-24 21:00,20.510253135687748
2025-01-24 22:00,19.710635047312817
2025-01-24 23:00,19.65991376605745
2025-01-25 00:00,23.63062917600158
2025-01-25 01:00,21.77274822711843
2025-01-25 02:00,19.052717506757684
2025-01-25 03:00,18.412393754422343
2025-01-25 04:00,16.702306263469506
2025-01-25 05:00,15.040111037134357
2025-01-25 06:00,13.512013686004233
2025-01-25 07:00,10.819210152047964
2025-01-25 08:00,9.834952157033387
2025-01-25 09:00,9.193281315099561
2025-01-25 10:00,7.749174593576534
2025-01-25 11:00,6.737468440756339
2025-01-25 12:00,8.490438466585966
2025-01-25 13:00,8.277502706515575
2025-01-25 14:00,7.271311203600145
2025-01-25 15:00,10.206304141566244
2025-01-25 16:00,10.272960173671022
2025-01-25 17:00,14.826077034445754
2025-01-25 18:00,17.191579231182445
2025-01-25 19:00,14.527851301804425
2025-01-25 20:00,13.328989234067507
2025-01-25 21:00,14.531515552250644
2025-01-25 22:00,14.299990965267176
2025-01-25 23:00,14.616348286945732
2025-01-26 00:00,8.748177773620435
2025-01-26 01:00,9.412469603567688
2025-01-26 02:00,11.928532445472662
2025-01-26 03:00,13.224673390291807
2025-01-26 04:00,13.013409076193506
2025-01-26 05:00,10.139766379117951
2025-01-26 06:00,8.738037756275718
2025-01-26 07:00,6.582647739017628
2025-01-26 08:00,4.48857782308323
2025-01-26 09:00,2.5272770122911385
2025-01-26 10:00,0.6221571162060163
2025-01-26 11:00,0.577343469506212
2025-01-26 12:00,0.762615302041768
2025-01-26 13:00,1.2508486985942342
2025-01-26 14:00,1.7282218691488114
2025-01-26 15:00,1.4073890259258548
2025-01-26 16:00,1.6208731268205174
2025-01-26 17:00,1.5844275615123369
2025-01-26 18:00,2.2793683845972876
2025-01-26 19:00,2.134332319296236
2025-01-26 20:00,2.185222284865533
2025-01-26 21:00,1.7089679090935086
2025-01-26 22:00,1.948757630759671
2025-01-26 23:00,2.1666653348234397
2025-01-27 00:00,6.215808164474384
2025-01-27 01:00,11.914027457811002
2025-01-27 02:00,13.713218266903034
2025-01-27 03:00,16.118641474848733
2025-01-27 04:00,25.152190542071125
2025-01-27 05:00,32.59260423541041
2025-01-27 06:00,41.51545358985889
2025-01-27 07:00,46.42957466470326
2025-01-27 08:00,51.6652534014427
2025-01-27 09:00,52.45770546487697
2025-01-27 10:00,51.143450588354035
2025-01-27 11:00,53.572434279562806
2025-01-27 12:00,48.17534206204405
2025-01-27 13:00,51.92884068814997
2025-01-27 14:00,54.13363155997782
2025-01-27 15:00,53.39120479302227
2025-01-27 16:00,52.72211324033421
2025-01-27 17:00,52.771321832438936
2025-01-27 18:00,53.7391871029245
2025-01-27 19:00,55.456234085376046
2025-01-27 20:00,54.707377717318955
2025-01-27 21:00,55.125092577895025
2025-01-27 22:00,55.09808538054089
2025-01-27 23:00,55.665058489240046
2025-01-28 00:00,55.43183749968779
2025-01-28 01:00,56.116101354019214
2025-01-28 02:00,54.217516588848355
2025-01-28 03:00,55.65035624666314
2025-01-28 04:00,54.6604606667104
2025-01-28 05:00,56.33597933978208
2025-01-28 06:00,55.87339887312357
2025-01-28 07:00,56.89594688929571
2025-01-28 08:00,57.840619033913576
2025-01-28 09:00,56.47980485821677
2025-01-28 10:00,54.24745429233706
2025-01-28 11:00,53.9800119724864
2025-01-28 12:00,55.384363947431346
2025-01-28 13:00,55.44662438218831
2025-01-28 14:00,54.71252479835283
2025-01-28 15:00,55.015561623904205
2025-01-28 16:00,53.632600149769615
2025-01-28 17:00,56.64279833502221
2025-01-28 18:00,55.61454680981422
2025-01-28 19:00,55.2958267884189
2025-01-28 20:00,55.21288247506727
2025-01-28 21:00,55.42241837443847
2025-01-28 22:00,57.503043164874136
2025-01-28 23:00,57.26493421346698
2025-01-29 00:00,53.9688762979838
2025-01-29 01:00,54.168511932757674
2025-01-29 02:00,50.99851031292332
2025-01-29 03:00,50.1805433582241
2025-01-29 04:00,50.81067960861092
2025-01-29 05:00,51.83932104968759
2025-01-29 06:00,50.41196073733024
2025-01-29 07:00,48.588333837258745
2025-01-29 08:00,47.436854333270695
2025-01-29 09:00,48.13830620255762
2025-01-29 10:00,50.903000219019866
2025-01-29 11:00,50.94745773697932
2025-01-29 12:00,49.727820448528526
2025-01-29 13:00,47.51693828478471
2025-01-29 14:00,45.58458222345424
2025-01-29 15:00,43.05025397501087
2025-01-29 16:00,42.830018738536374
2025-01-29 17:00,45.811603280398124
2025-01-29 18:00,44.915304841890965
2025-01-29 19:00,41.28394899102667
2025-01-29 20:00,38.9127759042784
2025-01-29 21:00,35.40928795686096
2025-01-29 22:00,32.23513523254314
2025-01-29 23:00,36.115579688530836
2025-01-30 00:00,13.64980880921255
2025-01-30 01:00,13.147387234782608
2025-01-30 02:00,12.882039412551835
2025-01-30 03:00,12.214716585640716
2025-01-30 04:00,9.813180624291055
2025-01-30 05:00,7.458905840188469
2025-01-30 06:00,7.110806298468302
2025-01-30 07:00,6.130396162290983
2025-01-30 08:00,5.380351866232414
2025-01-30 09:00,4.416611095697919
2025-01-30 10:00,3.1075585988245824
2025-01-30 11:00,2.106630484605309
2025-01-30 12:00,1.8702332492833158
2025-01-30 13:00,1.5444481108023418
2025-01-30 14:00,1.8074425688611735
2025-01-30 15:00,3.094193765436069
2025-01-30 16:00,4.102495663315914
2025-01-30 17:00,3.875479973836756
2025-01-30 18:00,4.1466459363460215
2025-01-30 19:00,4.997063759348829
2025-01-30 20:00,5.323704306775828
2025-01-30 21:00,4.041777934301514
2025-01-30 22:00,2.7477513177067987
2025-01-30 23:00,2.7179571815487584
2025-01-31 00:00,3.623231429010332
2025-01-31 01:00,3.8448407244377933
2025-01-31 02:00,3.1245769654153936
2025-01-31 03:00,4.051639430068636
2025-01-31 04:00,4.144079367381429
2025-01-31 05:00,4.371588613511062
2025-01-31 06:00,5.04776963168614
2025-01-31 07:00,4.971585708440803
2025-01-31 08:00,4.58494825948729
2025-01-31 09:00,4.399172889759876
2025-01-31 10:00,3.5994384514383952
2025-01-31 11:00,3.373416941931808
2025-01-31 12:00,3.9943694925802995
2025-01-31 13:00,5.55236984071976
2025-01-31 14:00,3.3735890566753213
2025-01-31 15:00,2.9602608334586686
2025-01-31 16:00,3.737856316079545
2025-01-31 17:00,3.9399913178910975
2025-01-31 18:00,4.046495767604244
2025-01-31 19:00,5.866109932429221
2025-01-31 20:00,5.681752634516112
2025-01-31 21:00,7.745453488126672
2025-01-31 22:00,7.419997585164641
2025-01-31 23:00,7.617984229817503
2025-02-01 00:00,4.300259113382019
2025-02-01 01:00,4.468825723812304
2025-02-01 02:00,5.794344370296456
2025-02-01 03:00,6.257455493086604
2025-02-01 04:00,10.56078636534079
2025-02-01 05:00,12.257195693540787
2025-02-01 06:00,12.345601473691497
2025-02-01 07:00,11.796783834838005
2025-02-01 08:00,12.829356740215255
2025-02-01 09:00,13.856399687389873
2025-02-01 10:00,13.374075173195607
2025-02-01 11:00,12.697405149712088
2025-02-01 12:00,12.590345682527625
2025-02-01 13:00,13.545297917934578
2025-02-01 14:00,14.916055918045126
2025-02-01 15:00,16.96888333319969
2025-02-01 16:00,21.062709000010596
2025-02-01 17:00,22.646130997871833
2025-02-01 18:00,20.353036212443882
2025-02-01 19:00,22.14073410526579
2025-02-01 20:00,20.757231666787277
2025-02-01 21:00,21.398309092213285
2025-02-01 22:00,18.143781528202393
2025-02-01 23:00,16.814094801720422
2025-02-02 00:00,7.703828109169504
2025-02-02 01:00,7.695944007277148
2025-02-02 02:00,8.838643098047877
2025-02-02 03:00,7.5515323009487405
2025-02-02 04:00,7.365634552381102
2025-02-02 05:00,7.612601629565202
2025-02-02 06:00,7.784750873485784
2025-02-02 07:00,9.883891234922373
2025-02-02 08:00,9.212827182607263
2025-02-02 09:00,7.133844966685828
2025-02-02 10:00,7.427148535838849
2025-02-02 11:00,6.452865625813666
2025-02-02 12:00,3.702390856653672
2025-02-02 13:00,3.8020440276026757
2025-02-02 14:00,5.84177294629264
2025-02-02 15:00,10.58618864524672
2025-02-02 16:00,13.66896329755365
2025-02-02 17:00,16.914961721395013
2025-02-02 18:00,18.441404230827406
2025-02-02 19:00,22.988011309469215
2025-02-02 20:00,24.168195142569942
2025-02-02 21:00,23.40683472107263
2025-02-02 22:00,24.307778687748293
2025-02-02 23:00,23.864716015949625
2025-02-03 00:00,36.117252113538406
2025-02-03 01:00,38.60703399492861
2025-02-03 02:00,44.56268501839264
2025-02-03 03:00,47.55179262426906
2025-02-03 04:00,47.712343809500304
2025-02-03 05:00,54.9601499286735
2025-02-03 06:00,55.86732380499978
2025-02-03 07:00,57.044412594684246
2025-02-03 08:00,55.49781056209713
2025-02-03 09:00,53.30065874368609
2025-02-03 10:00,52.10983657808475
2025-02-03 11:00,51.94676372489986
2025-02-03 12:00,51.601796337066
2025-02-03 13:00,50.62336331722917
2025-02-03 14:00,52.43965530117699
2025-02-03 15:00,53.19644695562201
2025-02-03 16:00,54.20437581006527
2025-02-03 17:00,51.788998625229425
2025-02-03 18:00,53.05191748362065
2025-02-03 19:00,53.74180355126674
2025-02-03 20:00,56.31157078484571
2025-02-03 21:00,55.537214961577426
2025-02-03 22:00,54.9325315943596
2025-02-03 23:00,55.87524633531311
2025-02-04 00:00,56.84326002917222
2025-02-04 01:00,53.21815313745187
2025-02-04 02:00,56.47857695366975
2025-02-04 03:00,53.722358727546016
2025-02-04 04:00,56.62646771555842
2025-02-04 05:00,56.73131244103558
2025-02-04 06:00,56.05249089098171
2025-02-04 07:00,54.55633936798343
2025-02-04 08:00,56.10864760881278
2025-02-04 09:00,55.343849709325774
2025-02-04 10:00,54.852940144294074
2025-02-04 11:00,56.05668938993688
2025-02-04 12:00,55.69293222086126
2025-02-04 13:00,55.10264234385369
2025-02-04 14:00,55.4721250546473
2025-02-04 15:00,55.36843855560836
2025-02-04 16:00,56.33559355306003
2025-02-04 17:00,56.1792348229788
2025-02-04 18:00,54.97831696248144
2025-02-04 19:00,54.939813343600925
2025-02-04 20:00,51.939673591597284
2025-02-04 21:00,50.78992229286131
2025-02-04 22:00,50.92346307768312
2025-02-04 23:00,54.78556916254794
2025-02-05 00:00,46.24326664722226
2025-02-05 01:00,48.18779175025253
2025-02-05 02:00,47.268942907481176
2025-02-05 03:00,47.53915496338603
2025-02-05 04:00,45.2366911674986
2025-02-05 05:00,47.788553446792825
2025-02-05 06:00,45.718519962759046
2025-02-05 07:00,41.184731340909856
2025-02-05 08:00,40.260411336084424
2025-02-05 09:00,37.49895295800654
2025-02-05 10:00,34.76394285648593
2025-02-05 11:00,33.85460322367408
2025-02-05 12:00,35.86977786329319
2025-02-05 13:00,39.28368918137381
2025-02-05 14:00,42.96035363254226
2025-02-05 15:00,45.63068335885652
2025-02-05 16:00,53.51842038695553
2025-02-05 17:00,51.13768119651812
2025-02-05 18:00,54.87177964480801
2025-02-05 19:00,55.50686023627253
2025-02-05 20:00,52.695160998154115
2025-02-05 21:00,50.86117439352646
2025-02-05 22:00,51.45992256665168
2025-02-05 23:00,49.50784777864684
2025-02-06 00:00,30.614381171128723
2025-02-06 01:00,30.422402539754312
2025-02-06 02:00,27.241832647167854
2025-02-06 03:00,24.945468050792986
2025-02-06 04:00,21.562000962611894
2025-02-06 05:00,17.712029417678295
2025-02-06 06:00,13.495587572667972
2025-02-06 07:00,11.749209510184288
2025-02-06 08:00,10.126244477621265
2025-02-06 09:00,12.640579208140666
2025-02-06 10:00,13.862387848110984
2025-02-06 11:00,20.444059978847914
2025-02-06 12:00,26.50631646595832
2025-02-06 13:00,28.593169734125464
2025-02-06 14:00,29.614395163852308
2025-02-06 15:00,35.66337305771537
2025-02-06 16:00,34.930067301578276
2025-02-06 17:00,37.43820534425847
2025-02-06 18:00,42.22555427019897
2025-02-06 19:00,44.542569273325064
2025-02-06 20:00,48.66591732479571
2025-02-06 21:00,50.63137879191336
2025-02-06 22:00,52.852016808347514
2025-02-06 23:00,54.49967606379301
2025-02-07 00:00,14.581832319145656
2025-02-07 01:00,13.373876923220577
2025-02-07 02:00,14.137336324818492
2025-02-07 03:00,19.617769881747265
2025-02-07 04:00,26.774999681296663
2025-02-07 05:00,27.628001175759053
2025-02-07 06:00,38.656841329328806
2025-02-07 07:00,45.73460518960041
2025-02-07 08:00,48.141590586593786
2025-02-07 09:00,52.973380652263536
2025-02-07 10:00,53.85912964609249
2025-02-07 11:00,52.82480911378071
2025-02-07 12:00,53.301686533231134
2025-02-07 13:00,54.87155121617068
2025-02-07 14:00,55.66836547732303
2025-02-07 15:00,54.602569595205374
2025-02-07 16:00,54.48909612123426
2025-02-07 17:00,54.91907153343655
2025-02-07 18:00,55.747974704309605
2025-02-07 19:00,55.154693247584525
2025-02-07 20:00,54.71198172623466
2025-02-07 21:00,54.344483645382525
2025-02-07 22:00,54.526109101742584
2025-02-07 23:00,54.40886667362505
2025-02-08 00:00,50.89880011504826
2025-02-08 01:00,51.41516029540082
2025-02-08 02:00,50.63335314967509
2025-02-08 03:00,51.38563408457509
2025-02-08 04:00,49.27231942197941
2025-02-08 05:00,48.34240655324394
2025-02-08 06:00,47.87407829078834
2025-02-08 07:00,45.938510585971756
2025-02-08 08:00,46.69641294339859
2025-02-08 09:00,46.798464884600946
2025-02-08 10:00,45.38628102423585
2025-02-08 11:00,48.552517866224825
2025-02-08 12:00,48.641372695043
2025-02-08 13:00,51.94463005867468
2025-02-08 14:00,52.479762191651695
2025-02-08 15:00,53.21824221315856
2025-02-08 16:00,47.56232096796481
2025-02-08 17:00,41.01267089798828
2025-02-08 18:00,36.38396450941482
2025-02-08 19:00,25.227556483949936
2025-02-08 20:00,18.311910534115416
2025-02-08 21:00,14.817770674363635
2025-02-08 22:00,13.551949167384251
2025-02-08 23:00,14.56167179161997
2025-02-09 00:00,8.994048148985003
2025-02-09 01:00,6.391515718714834
2025-02-09 02:00,5.119288676962552
2025-02-09 03:00,5.428041997138947
2025-02-09 04:00,4.137332761169113
2025-02-09 05:00,4.401623229855235
2025-02-09 06:00,4.971533430345468
2025-02-09 07:00,4.579490956086105
2025-02-09 08:00,4.300535601649293
2025-02-09 09:00,4.281905518809119
2025-02-09 10:00,4.2637767406609015
2025-02-09 11:00,5.143336074453205
2025-02-09 12:00,5.769007731386843
2025-02-09 13:00,6.716248307717677
2025-02-09 14:00,8.487581723151484
2025-02-09 15:00,8.370219738642179
2025-02-09 16:00,10.447095910220073
2025-02-09 17:00,11.318421513465145
2025-02-09 18:00,13.583138962086759
2025-02-09 19:00,15.795347939424845
2025-02-09 20:00,14.907362835536036
2025-02-09 21:00,13.69753005246899
2025-02-09 22:00,12.484736088504937
2025-02-09 23:00,10.46410914985063
2025-02-10 00:00,8.696620024183595
2025-02-10 01:00,8.75895206676654
2025-02-10 02:00,7.78791963098838
2025-02-10 03:00,8.258372918469533
2025-02-10 04:00,6.247056702669757
2025-02-10 05:00,4.515370641912739
2025-02-10 06:00,4.399888627330797
2025-02-10 07:00,3.2223268445544693
2025-02-10 08:00,3.6744864579032233
2025-02-10 09:00,3.1739522548827446
2025-02-10 10:00,5.043098393877986
2025-02-10 11:00,5.304577368098673
2025-02-10 12:00,6.438084415106463
2025-02-10 13:00,9.96341373491166
2025-02-10 14:00,12.564866679834461
2025-02-10 15:00,15.579815874248164
2025-02-10 16:00,13.53597596338868
2025-02-10 17:00,10.820756619887625
2025-02-10 18:00,8.991659907926062
2025-02-10 19:00,5.091225255127907
2025-02-10 20:00,2.6043724927929306
2025-02-10 21:00,1.841388534996301
2025-02-10 22:00,0.8074063074090144
2025-02-10 23:00,0.6922712569722741
2025-02-11 00:00,1.5655380064711881
2025-02-11 01:00,1.8015122084701638
2025-02-11 02:00,2.0253996764218507
2025-02-11 03:00,1.7301591237163514
2025-02-11 04:00,1.5829498710947867
2025-02-11 05:00,1.0927586808780438
2025-02-11 06:00,1.2587016531372324
2025-02-11 07:00,0.5209389021612981
2025-02-11 08:00,1.0113008687622813
2025-02-11 09:00,0.8066732035802401
2025-02-11 10:00,1.4837625522977425
2025-02-11 11:00,1.0264071697892163
2025-02-11 12:00,0.5665652300454082
2025-02-11 13:00,0.24127070436142004
2025-02-11 14:00,0.44016443087538154
2025-02-11 15:00,1.5059485440363873
2025-02-11 16:00,2.5541500063531433
2025-02-11 17:00,2.960417665543122
2025-02-11 18:00,4.742487800730712
2025-02-11 19:00,6.932659143604998
2025-02-11 20:00,9.082687642962005
2025-02-11 21:00,9.721214577471468
2025-02-11 22:00,10.49218273328181
2025-02-11 23:00,12.457871604251496
2025-02-12 00:00,4.5890804397905
2025-02-12 01:00,3.9645307854356187
2025-02-12 02:00,4.242094291077147
2025-02-12 03:00,4.239501028057156
2025-02-12 04:00,5.752070358586881
2025-02-12 05:00,7.158826442108409
2025-02-12 06:00,10.466743055759578
2025-02-12 07:00,11.710106622994898
2025-02-12 08:00,12.9670340127862
2025-02-12 09:00,11.59595441327206
2025-02-12 10:00,14.95504733483024
2025-02-12 11:00,16.54298501749385
2025-02-12 12:00,22.347981916945553
2025-02-12 13:00,33.93671742570825
2025-02-12 14:00,42.95544130099314
2025-02-12 15:00,50.53027463259687
2025-02-12 16:00,53.69514160177207
2025-02-12 17:00,54.28919770613601
2025-02-12 18:00,55.46389475189388
2025-02-12 19:00,55.96586348611379
2025-02-12 20:00,56.66041322002757
2025-02-12 21:00,55.65066107468649
2025-02-12 22:00,56.088622760160945
2025-02-12 23:00,55.750924279365016
2025-02-13 00:00,53.983188149403674
2025-02-13 01:00,51.52242547579272
2025-02-13 02:00,47.114557830982385
2025-02-13 03:00,41.49933103270288
2025-02-13 04:00,34.53076608958255
2025-02-13 05:00,18.4091720021481
2025-02-13 06:00,12.353378430766384
2025-02-13 07:00,8.531881361414447
2025-02-13 08:00,6.030028908638332
2025-02-13 09:00,5.168281274253485
2025-02-13 10:00,2.683674009791263
2025-02-13 11:00,2.8996074010339767
2025-02-13 12:00,3.167308009245019
2025-02-13 13:00,6.515077864199593
2025-02-13 14:00,10.489490143880513
2025-02-13 15:00,13.463686675939305
2025-02-13 16:00,12.3600210815068
2025-02-13 17:00,11.291867144701676
2025-02-13 18:00,11.69222546733706
2025-02-13 19:00,9.636323668421669
2025-02-13 20:00,6.807744666346179
2025-02-13 21:00,5.595134309400893
2025-02-13 22:00,7.931087812590619
2025-02-13 23:00,8.060262117564298
2025-02-14 00:00,10.316153021339067
2025-02-14 01:00,10.886401273052359
2025-02-14 02:00,9.588567488359253
2025-02-14 03:00,8.018072164064343
2025-02-14 04:00,8.386473081101759
2025-02-14 05:00,7.654902611325892
2025-02-14 06:00,6.784690642416898
2025-02-14 07:00,4.47279044289131
2025-02-14 08:00,4.590272798130681
2025-02-14 09:00,2.7305558356944775
2025-02-14 10:00,1.6501825825218166
2025-02-14 11:00,1.7065376166849784
2025-02-14 12:00,0.7574979246051942
2025-02-14 13:00,0.7670027738010602
2025-02-14 14:00,1.1290129755409233
2025-02-14 15:00,0.8084000484491124
2025-02-14 16:00,0.7100296786729429
2025-02-14 17:00,0.6445666589260598
2025-02-14 18:00,0.41947017139446124
2025-02-14 19:00,0.25193953397221297
2025-02-14 20:00,1.2402767817690592
2025-02-14 21:00,1.2707381218912248
2025-02-14 22:00,2.544475688726498
2025-02-14 23:00,3.5802479233102265
2025-02-15 00:00,1.6840567863335825
2025-02-15 01:00,1.8661498894043902
2025-02-15 02:00,2.4423684056164765
2025-02-15 03:00,1.8556143845564816
2025-02-15 04:00,2.0332708629733665
2025-02-15 05:00,1.8721388902777176
2025-02-15 06:00,1.6186849252674527
2025-02-15 07:00,1.8003300563850047
2025-02-15 08:00,1.4773388512792145
2025-02-15 09:00,0.803949232603999
2025-02-15 10:00,0.06965722448126198
2025-02-15 11:00,0.20203535229422656
2025-02-15 12:00,0.6902492005647645
2025-02-15 13:00,1.3762018542437964
2025-02-15 14:00,1.411639928592413
2025-02-15 15:00,1.4638075201050214
2025-02-15 16:00,0.803274576066923
2025-02-15 17:00,0.5642116950263686
2025-02-15 18:00,0.4620762404363581
2025-02-15 19:00,0.3648128029556929
2025-02-15 20:00,0.7604364580576224
2025-02-15 21:00,0.6110500255106791
2025-02-15 22:00,0.6054602932375827
2025-02-15 23:00,0.7479968764449193
2025-02-16 00:00,0.804736560203189
2025-02-16 01:00,0.6645846565603896
2025-02-16 02:00,0.33789357686786126
2025-02-16 03:00,0.47543772770154785
2025-02-16 04:00,0.410686632342445
2025-02-16 05:00,1.1861832706528352
2025-02-16 06:00,0.9639870451865441
2025-02-16 07:00,1.5176030877932696
2025-02-16 08:00,1.4269300258914566
2025-02-16 09:00,1.408591274682035
2025-02-16 10:00,3.335545314425231
2025-02-16 11:00,4.336963690187088
2025-02-16 12:00,5.111943813263778
2025-02-16 13:00,9.831927627201244
2025-02-16 14:00,16.775949087005852
2025-02-16 15:00,15.532348329885835
2025-02-16 16:00,20.49380277886613
2025-02-16 17:00,24.52747398256429
2025-02-16 18:00,31.202138928021924
2025-02-16 19:00,32.547151460816764
2025-02-16 20:00,38.14940322030026
2025-02-16 21:00,40.24270644252347
2025-02-16 22:00,46.30433555471327
2025-02-16 23:00,47.96867833205857
2025-02-17 00:00,54.68167479825295
2025-02-17 01:00,52.12662027142938
2025-02-17 02:00,52.08570747928483
2025-02-17 03:00,52.76002572361649
2025-02-17 04:00,53.40287800583162
2025-02-17 05:00,53.671594988541585
2025-02-17 06:00,54.50141744876049
2025-02-17 07:00,54.552144750353925
2025-02-17 08:00,54.20844680058091
2025-02-17 09:00,52.98366963255892
2025-02-17 10:00,48.2075212307436
2025-02-17 11:00,47.67321737203135
2025-02-17 12:00,47.23623135888358
2025-02-17 13:00,46.92573494476927
2025-02-17 14:00,46.9994107807262
2025-02-17 15:00,46.28211229390903
2025-02-17 16:00,46.13856226410118
2025-02-17 17:00,45.84837094519808
2025-02-17 18:00,44.78565723166239
2025-02-17 19:00,42.737615298017396
2025-02-17 20:00,40.481650375523316
2025-02-17 21:00,39.49537292112171
2025-02-17 22:00,37.85668068896147
2025-02-17 23:00,36.971619416659045
2025-02-18 00:00,37.37860495625494
2025-02-18 01:00,35.96885423208125
2025-02-18 02:00,42.22883326992527
2025-02-18 03:00,42.204000901634004
2025-02-18 04:00,40.61051177018572
2025-02-18 05:00,40.925691123480846
2025-02-18 06:00,39.596272007296214
2025-02-18 07:00,41.480047034727356
2025-02-18 08:00,41.742924996988855
2025-02-18 09:00,39.43147828557695
2025-02-18 10:00,40.213098944425774
2025-02-18 11:00,41.248067364734766
2025-02-18 12:00,40.60780198107157
2025-02-18 13:00,41.79775958606163
2025-02-18 14:00,42.436172921041134
2025-02-18 15:00,44.09532393075808
2025-02-18 16:00,43.25043877188767
2025-02-18 17:00,44.677263861880306
2025-02-18 18:00,44.64132462839611
2025-02-18 19:00,47.27043105527995
2025-02-18 20:00,47.510653170502344
2025-02-18 21:00,51.69048802088516
2025-02-18 22:00,49.46075995620159
2025-02-18 23:00,48.50730928107894
2025-02-19 00:00,33.28269198707574
2025-02-19 01:00,33.96315984674371
2025-02-19 02:00,33.24067357605754
2025-02-19 03:00,34.49717345982049
2025-02-19 04:00,36.005104262736246
2025-02-19 05:00,40.45732994343117
2025-02-19 06:00,43.75114419579493
2025-02-19 07:00,41.64041261696528
2025-02-19 08:00,45.06219790995562
2025-02-19 09:00,43.482501079408074
2025-02-19 10:00,42.81685542505871
2025-02-19 11:00,41.921356141892296
2025-02-19 12:00,41.93985474592768
2025-02-19 13:00,41.61935872604851
2025-02-19 14:00,41.369705582930656
2025-02-19 15:00,42.59875914405552
2025-02-19 16:00,42.55364933698715
2025-02-19 17:00,42.86259837262971
2025-02-19 18:00,38.050211117568374
2025-02-19 19:00,36.71715562301425
2025-02-19 20:00,36.78465542367612
2025-02-19 21:00,36.707401971528334
2025-02-19 22:00,33.923913186418446
2025-02-19 23:00,33.84838318459739
2025-02-20 00:00,22.218691155029713
2025-02-20 01:00,21.16875006477038
2025-02-20 02:00,19.232445706464784
2025-02-20 03:00,17.684652968893733
2025-02-20 04:00,14.828709100801143
2025-02-20 05:00,11.838081339621416
2025-02-20 06:00,10.61017765439662
2025-02-20 07:00,9.700657013393107
2025-02-20 08:00,13.434013191847257
2025-02-20 09:00,15.361620682962403
2025-02-20 10:00,24.820816517284072
2025-02-20 11:00,29.363705056420923
2025-02-20 12:00,38.469571891691366
2025-02-20 13:00,39.16244409968501
2025-02-20 14:00,39.63902883405127
2025-02-20 15:00,40.32170551113687
2025-02-20 16:00,42.08929616399914
2025-02-20 17:00,42.324278909654545
2025-02-20 18:00,42.85231200271581
2025-02-20 19:00,45.18416759298901
2025-02-20 20:00,45.741631131586814
2025-02-20 21:00,45.3052936370969
2025-02-20 22:00,46.101055097160604
2025-02-20 23:00,43.72448954368597
2025-02-21 00:00,32.64817792956714
2025-02-21 01:00,30.399506513848422
2025-02-21 02:00,27.627819664293167
2025-02-21 03:00,27.351282975407145
2025-02-21 04:00,25.036446224553362
2025-02-21 05:00,20.888908634223736
2025-02-21 06:00,23.372491305014975
2025-02-21 07:00,18.45629624738858
2025-02-21 08:00,15.371018847912973
2025-02-21 09:00,13.86568459662457
2025-02-21 10:00,18.18317475196771
2025-02-21 11:00,24.655358439930836
2025-02-21 12:00,26.950309312667965
2025-02-21 13:00,30.72482429818813
2025-02-21 14:00,36.06028240286557
2025-02-21 15:00,35.55180664032945
2025-02-21 16:00,38.30515102322335
2025-02-21 17:00,36.842812959955076
2025-02-21 18:00,36.963874289363964
2025-02-21 19:00,34.615429488814364
2025-02-21 20:00,35.35236076638565
2025-02-21 21:00,34.35428345383835
2025-02-21 22:00,30.2041112529832
2025-02-21 23:00,27.14227595743877
2025-02-22 00:00,30.791811627754228
2025-02-22 01:00,30.36413843746756
2025-02-22 02:00,37.92414535203656
2025-02-22 03:00,39.62974065596074
2025-02-22 04:00,40.208853949032566
2025-02-22 05:00,43.44143019643196
2025-02-22 06:00,44.249101110941474
2025-02-22 07:00,37.508343449812706
2025-02-22 08:00,32.89479044659842
2025-02-22 09:00,30.116857550327584
2025-02-22 10:00,24.00616022920019
2025-02-22 11:00,26.946683388016652
2025-02-22 12:00,28.318224497894136
2025-02-22 13:00,31.031831321184995
2025-02-22 14:00,30.92427917269623
2025-02-22 15:00,32.458031973985925
2025-02-22 16:00,33.13431456508409
2025-02-22 17:00,35.208051561137374
2025-02-22 18:00,29.26475562693471
2025-02-22 19:00,33.42823884606804
2025-02-22 20:00,32.88998472153525
2025-02-22 21:00,31.3694744057825
2025-02-22 22:00,32.512594064577264
2025-02-22 23:00,31.410228540645562
2025-02-23 00:00,25.550244848821265
2025-02-23 01:00,24.149893607604486
2025-02-23 02:00,21.49917566151969
2025-02-23 03:00,18.303701745220167
2025-02-23 04:00,15.145023885652618
2025-02-23 05:00,22.09858246034506
2025-02-23 06:00,25.085965814469873
2025-02-23 07:00,31.686705462497496
2025-02-23 08:00,38.973680026760945
2025-02-23 09:00,41.64074195529126
2025-02-23 10:00,42.65693213856908
2025-02-23 11:00,41.384573047027004
2025-02-23 12:00,43.356308489341835
2025-02-23 13:00,43.47787399126485
2025-02-23 14:00,44.67742220844281
2025-02-23 15:00,47.909854904492626
2025-02-23 16:00,49.677475688277504
2025-02-23 17:00,49.5409722211239
2025-02-23 18:00,47.12658826821963
2025-02-23 19:00,47.66594637397237
2025-02-23 20:00,46.70256049522889
2025-02-23 21:00,45.60111702016078
2025-02-23 22:00,46.56357696089435
2025-02-23 23:00,46.714368998325874
2025-02-24 00:00,41.63973339204673
2025-02-24 01:00,39.12941909691168
2025-02-24 02:00,37.17777822638895
2025-02-24 03:00,35.66415849603239
2025-02-24 04:00,26.857592610585783
2025-02-24 05:00,22.151514634673248
2025-02-24 06:00,19.502051395570998
2025-02-24 07:00,17.605460346053025
2025-02-24 08:00,16.9153029660315
2025-02-24 09:00,18.215817204214698
2025-02-24 10:00,17.18994739490226
2025-02-24 11:00,21.164705862517767
2025-02-24 12:00,22.43058722769928
2025-02-24 13:00,22.3532911381261
2025-02-24 14:00,22.592502568169795
2025-02-24 15:00,23.66105139997751
2025-02-24 16:00,19.99570361797028
2025-02-24 17:00,17.218076120546908
2025-02-24 18:00,14.854492187728448
2025-02-24 19:00,13.286131337158976
2025-02-24 20:00,7.811385005058778
2025-02-24 21:00,5.023211042052772
2025-02-24 22:00,2.3512306048249605
2025-02-24 23:00,0.5189497843397931
2025-02-25 00:00,0.7082915260073205
2025-02-25 01:00,1.067083545058592
2025-02-25 02:00,1.3424619889840965
2025-02-25 03:00,1.717272294638442
2025-02-25 04:00,2.0712068641787234
2025-02-25 05:00,1.6259333569668797
2025-02-25 06:00,1.7921231678999252
2025-02-25 07:00,1.896877356528177
2025-02-25 08:00,2.4930134475840187
2025-02-25 09:00,2.0377179551951605
2025-02-25 10:00,3.294671342360729
2025-02-25 11:00,3.303373491062881
2025-02-25 12:00,7.007391295004311
2025-02-25 13:00,8.489549927659855
2025-02-25 14:00,12.608554185579244
2025-02-25 15:00,17.73218050289754
2025-02-25 16:00,18.963534887857023
2025-02-25 17:00,20.864805734077493
2025-02-25 18:00,23.42518743900122
2025-02-25 19:00,24.078960014010693
2025-02-25 20:00,22.491906346857004
2025-02-25 21:00,17.199906912000902
2025-02-25 22:00,16.125942161732535
2025-02-25 23:00,19.26356887461487
2025-02-26 00:00,18.393064622923188
2025-02-26 01:00,17.810432720443
2025-02-26 02:00,19.040116036125358
2025-02-26 03:00,17.41160380274435
2025-02-26 04:00,17.48450405656784
2025-02-26 05:00,17.190200608337094
2025-02-26 06:00,18.84900971724088
2025-02-26 07:00,14.635512125799167
2025-02-26 08:00,9.98510717911917
2025-02-26 09:00,6.369770271809165
2025-02-26 10:00,4.187142293306069
2025-02-26 11:00,2.2065523650198076
2025-02-26 12:00,1.9147468031287052
2025-02-26 13:00,2.936038690904974
2025-02-26 14:00,1.9111334518097234
2025-02-26 15:00,1.97141330790995
2025-02-26 16:00,2.2419641377538535
2025-02-26 17:00,1.5443558603222558
2025-02-26 18:00,1.0584950459705695
2025-02-26 19:00,0.2502239370046031
2025-02-26 20:00,0.08372428063719177
2025-02-26 21:00,0.0
2025-02-26 22:00,0.019825575829735945
2025-02-26 23:00,0.3057268173310132
2025-02-27 00:00,0.41009138082797936
2025-02-27 01:00,0.005797732763732681
2025-02-27 02:00,0.0
2025-02-27 03:00,0.02695557483976649
2025-02-27 04:00,0.0
2025-02-27 05:00,0.014815425935327543
2025-02-27 06:00,0.16925651790971416
2025-02-27 07:00,0.3800407989308841
2025-02-27 08:00,0.4935098126219039
2025-02-27 09:00,0.6504661380332947
2025-02-27 10:00,1.0626473997445658
2025-02-27 11:00,2.2563535149260545
2025-02-27 12:00,2.381798220384704
2025-02-27 13:00,6.29001348696864
2025-02-27 14:00,7.959793250649587
2025-02-27 15:00,7.988448066541662
2025-02-27 16:00,8.473771078150355
2025-02-27 17:00,7.455620151409782
2025-02-27 18:00,5.143506907420992
2025-02-27 19:00,6.4835862714971695
2025-02-27 20:00,5.745175762378817
2025-02-27 21:00,5.954774635628765
2025-02-27 22:00,7.009913588894513
2025-02-27 23:00,5.55232199786795
2025-02-28 00:00,0.2250524856195066
2025-02-28 01:00,0.7058628654151567
2025-02-28 02:00,0.624043653863149
2025-02-28 03:00,1.1812322150285468
2025-02-28 04:00,1.3568531468959806
2025-02-28 05:00,1.2803136295664646
2025-02-28 06:00,0.7167380684614423
2025-02-28 07:00,1.0421081582472882
2025-02-28 08:00,0.24528429045192146
2025-02-28 09:00,0.542535151278686
2025-02-28 10:00,0.5771566386420396
2025-02-28 11:00,0.6555125515932653
2025-02-28 12:00,1.0313647432700261
2025-02-28 13:00,0.9922108193925364
2025-02-28 14:00,1.1281376762775548
2025-02-28 15:00,1.438774941581248
2025-02-28 16:00,1.515659450603355
2025-02-28 17:00,1.696531034669251
2025-02-28 18:00,1.1618347964651898
2025-02-28 19:00,0.683468307802939
2025-02-28 20:00,0.34129809866934585
2025-02-28 21:00,0.5119319845877053
2025-02-28 22:00,0.21827964756945553
2025-02-28 23:00,0.24628891260977825
2025-03-01 00:00,1.4212562609384924
2025-03-01 01:00,0.6903203333268401
2025-03-01 02:00,1.3450430733155683
2025-03-01 03:00,1.1973086317152835
2025-03-01 04:00,1.2060919930173162
2025-03-01 05:00,1.3704750863176445
2025-03-01 06:00,1.6663222293824358
2025-03-01 07:00,1.4579406471473828
2025-03-01 08:00,1.8496740626891046
2025-03-01 09:00,0.923419815408541
2025-03-01 10:00,1.8091710673475603
2025-03-01 11:00,2.1196232098856265
2025-03-01 12:00,2.349166526497583
2025-03-01 13:00,2.8764269071339696
2025-03-01 14:00,3.3410888742020752
2025-03-01 15:00,5.318682243746879
2025-03-01 16:00,7.259691898339248
2025-03-01 17:00,10.886965205750565
2025-03-01 18:00,14.070764134649744
2025-03-01 19:00,16.295282499055997
2025-03-01 20:00,17.45291043338685
2025-03-01 21:00,19.772730276167934
2025-03-01 22:00,23.59506753868094
2025-03-01 23:00,23.984224582248547
2025-03-02 00:00,5.362580538873029
2025-03-02 01:00,5.015631717238355
2025-03-02 02:00,4.55046756645031
2025-03-02 03:00,4.784451893911456
2025-03-02 04:00,5.779549037941522
2025-03-02 05:00,5.808797250633666
2025-03-02 06:00,6.33190305184596
2025-03-02 07:00,5.044682053640202
2025-03-02 08:00,4.444322635182205
2025-03-02 09:00,3.916719260661162
2025-03-02 10:00,3.4072694861252675
2025-03-02 11:00,5.197166627953815
2025-03-02 12:00,5.778037158010268
2025-03-02 13:00,7.343170134579147
2025-03-02 14:00,8.63758970034261
2025-03-02 15:00,12.298923625959807
2025-03-02 16:00,18.786689807450752
2025-03-02 17:00,26.538041503694075
2025-03-02 18:00,37.289761961624606
2025-03-02 19:00,40.190050697688186
2025-03-02 20:00,47.08952098269771
2025-03-02 21:00,48.069939021919815
2025-03-02 22:00,51.2210385442059
2025-03-02 23:00,52.117337666305055
2025-03-03 00:00,51.668931627763804
2025-03-03 01:00,52.7452868944737
2025-03-03 02:00,55.2503758729597
2025-03-03 03:00,51.257936725569984
2025-03-03 04:00,48.65678895030603
2025-03-03 05:00,48.83516321923488
2025-03-03 06:00,47.638462590555406
2025-03-03 07:00,49.34136701998445
2025-03-03 08:00,46.96339855343431
2025-03-03 09:00,40.242889531467334
2025-03-03 10:00,36.03381314199083
2025-03-03 11:00,31.99318030653573
2025-03-03 12:00,28.95133469886812
2025-03-03 13:00,24.750973660667142
2025-03-03 14:00,23.62264589427561
2025-03-03 15:00,22.838336498007635
2025-03-03 16:00,28.171731184305017
2025-03-03 17:00,26.787337892468866
2025-03-03 18:00,27.112163399301707
2025-03-03 19:00,26.098507953860125
2025-03-03 20:00,25.800089990375113
2025-03-03 21:00,25.58063223759935
2025-03-03 22:00,23.073923530010642
2025-03-03 23:00,22.157045333827522
2025-03-04 00:00,30.934739562158523
2025-03-04 01:00,34.21062633865882
2025-03-04 02:00,35.924503279893635
2025-03-04 03:00,35.84868975082037
2025-03-04 04:00,33.027714577883735
2025-03-04 05:00,31.563268224498078
2025-03-04 06:00,34.77093106845382
2025-03-04 07:00,31.8360539392415
2025-03-04 08:00,27.197131639197096
2025-03-04 09:00,25.694250137516054
2025-03-04 10:00,23.36759574670182
2025-03-04 11:00,23.55667850182922
2025-03-04 12:00,23.25703288645114
2025-03-04 13:00,24.01567009644347
2025-03-04 14:00,23.055789721150518
2025-03-04 15:00,24.600155209557062
2025-03-04 16:00,25.784040177854695
2025-03-04 17:00,27.681661989433266
2025-03-04 18:00,22.800036704318206
2025-03-04 19:00,20.30940028817274
2025-03-04 20:00,16.816383757155364
2025-03-04 21:00,15.06185273159611
2025-03-04 22:00,12.492169495119944
2025-03-04 23:00,11.80412786646012
2025-03-05 00:00,2.9964763636648044
2025-03-05 01:00,4.173041187471015
2025-03-05 02:00,4.524378458827152
2025-03-05 03:00,4.3661448047062805
2025-03-05 04:00,4.494709751625954
2025-03-05 05:00,4.140421766971256
2025-03-05 06:00,3.707020509797425
2025-03-05 07:00,4.094707409156051
2025-03-05 08:00,5.099019270084779
2025-03-05 09:00,4.267076628478175
2025-03-05 10:00,5.449141063930367
2025-03-05 11:00,6.386749916965434
2025-03-05 12:00,7.282893638698584
2025-03-05 13:00,9.434274860096268
2025-03-05 14:00,10.604957856122136
2025-03-05 15:00,13.39822251118919
2025-03-05 16:00,17.56365333790203
2025-03-05 17:00,23.002777407194703
2025-03-05 18:00,28.190194050611538
2025-03-05 19:00,31.504622618623888
2025-03-05 20:00,33.640263631193925
2025-03-05 21:00,32.40088858011415
2025-03-05 22:00,32.22748849024304
2025-03-05 23:00,32.24440164708859
2025-03-06 00:00,26.86075052872431
2025-03-06 01:00,27.302461707503056
2025-03-06 02:00,25.09469143458575
2025-03-06 03:00,24.016039102686936
2025-03-06 04:00,21.03491356978844
2025-03-06 05:00,15.405505241463166
2025-03-06 06:00,11.40836759943516
2025-03-06 07:00,10.357346866284518
2025-03-06 08:00,9.358696594692573
2025-03-06 09:00,11.664768720650969
2025-03-06 10:00,12.846772603487063
2025-03-06 11:00,21.732541916785284
2025-03-06 12:00,27.257596156414575
2025-03-06 13:00,33.489803138266176
2025-03-06 14:00,34.88604526907091
2025-03-06 15:00,36.0932214671869
2025-03-06 16:00,34.36263648714067
2025-03-06 17:00,33.87623704695418
2025-03-06 18:00,32.69224321182991
2025-03-06 19:00,25.634494611249053
2025-03-06 20:00,24.525087754744742
2025-03-06 21:00,20.7710233994251
2025-03-06 22:00,15.760699738377006
2025-03-06 23:00,12.96287761585166
2025-03-07 00:00,7.121946313837532
2025-03-07 01:00,6.489739186177654
2025-03-07 02:00,6.595422267858315
2025-03-07 03:00,5.810513338968305
2025-03-07 04:00,4.641022657473983
2025-03-07 05:00,4.2271644765553695
2025-03-07 06:00,1.5445281143084741
2025-03-07 07:00,1.23288334520229
2025-03-07 08:00,0.07925228514331571
2025-03-07 09:00,0.1342756551270163
2025-03-07 10:00,0.030369578674151344
2025-03-07 11:00,0.01999592439928877
2025-03-07 12:00,0.07276659488409885
2025-03-07 13:00,0.4123366711396958
2025-03-07 14:00,1.3511765990161475
2025-03-07 15:00,4.574415518341354
2025-03-07 16:00,5.025688337891631
2025-03-07 17:00,4.1384995316920525
2025-03-07 18:00,2.7418771495734617
2025-03-07 19:00,1.9670619143577277
2025-03-07 20:00,1.494263510427132
2025-03-07 21:00,0.8184230496573447
2025-03-07 22:00,0.45415937200302353
2025-03-07 23:00,0.4545958614128461
2025-03-08 00:00,0.17410541838915616
2025-03-08 01:00,0.15798682473938744
2025-03-08 02:00,0.282540465361059
2025-03-08 03:00,0.4070590416690749
2025-03-08 04:00,0.5202818436813735
2025-03-08 05:00,0.6925277559330273
2025-03-08 06:00,0.6706309851513422
2025-03-08 07:00,0.7379648613870535
2025-03-08 08:00,0.2459080160329172
2025-03-08 09:00,0.0
2025-03-08 10:00,0.006792499700533684
2025-03-08 11:00,0.05417431878394479
2025-03-08 12:00,0.0
2025-03-08 13:00,0.9818578996706148
2025-03-08 14:00,2.0966619205842396
2025-03-08 15:00,3.7360467458745155
2025-03-08 16:00,3.3482844109363747
2025-03-08 17:00,2.830677416708943
2025-03-08 18:00,2.914923193910663
2025-03-08 19:00,1.730320162243973
2025-03-08 20:00,0.3795018101112626
2025-03-08 21:00,0.17182240809322857
2025-03-08 22:00,0.22756630281870846
2025-03-08 23:00,0.23956075131234314
2025-03-09 00:00,2.3519416071313026
2025-03-09 01:00,2.7867086769998544
2025-03-09 02:00,2.6449070449650267
2025-03-09 03:00,2.8404454471070264
2025-03-09 04:00,2.0377847089789793
2025-03-09 05:00,1.2391562476081626
2025-03-09 06:00,0.9033322207866884
2025-03-09 07:00,1.0870146322716223
2025-03-09 08:00,0.47386657239072183
2025-03-09 09:00,0.9578684212399858
2025-03-09 10:00,0.5931519550657248
2025-03-09 11:00,1.5765744238574708
2025-03-09 12:00,2.836391126285381
2025-03-09 13:00,5.088533924896262
2025-03-09 14:00,5.8779962660468135
2025-03-09 15:00,7.970194274509235
2025-03-09 16:00,7.646454899734125
2025-03-09 17:00,7.602202588579183
2025-03-09 18:00,4.6765458305966225
2025-03-09 19:00,3.078331364852002
2025-03-09 20:00,3.046060304541838
2025-03-09 21:00,1.8760070499808412
2025-03-09 22:00,1.8782942957005382
2025-03-09 23:00,1.2064774181092084
2025-03-10 00:00,0.26967498036833043
2025-03-10 01:00,0.32409147823317525
2025-03-10 02:00,0.01929271195960854
2025-03-10 03:00,0.14614697217101566
2025-03-10 04:00,0.7193251481296691
2025-03-10 05:00,0.9314417253910549
2025-03-10 06:00,1.72383741641157
2025-03-10 07:00,1.9195623779436808
2025-03-10 08:00,3.4472676096248356
2025-03-10 09:00,2.617527217977209
2025-03-10 10:00,2.3741158997844973
2025-03-10 11:00,1.605728610401404
2025-03-10 12:00,2.2930604837301143
2025-03-10 13:00,1.7626802105131956
2025-03-10 14:00,2.867996265039108
2025-03-10 15:00,2.686198684423596
2025-03-10 16:00,2.6483903584342277
2025-03-10 17:00,2.205503273175969
2025-03-10 18:00,1.818722301292677
2025-03-10 19:00,1.3492206899526977
2025-03-10 20:00,0.7003580084389126
2025-03-10 21:00,0.8421877196102376
2025-03-10 22:00,0.6989293622637355
2025-03-10 23:00,0.27967248652908866
2025-03-11 00:00,0.8325876651398959
2025-03-11 01:00,1.489150416049971
2025-03-11 02:00,1.7910990679020895
2025-03-11 03:00,2.637207188846123
2025-03-11 04:00,3.5913591572403045
2025-03-11 05:00,3.2937615895170453
2025-03-11 06:00,3.3800259698498505
2025-03-11 07:00,2.7997837706921214
2025-03-11 08:00,1.8020782253001182
2025-03-11 09:00,0.8853247270581747
2025-03-11 10:00,0.14654296608705683
2025-03-11 11:00,0.2227677072589195
2025-03-11 12:00,0.46407604963033783
2025-03-11 13:00,0.06810940543429857
2025-03-11 14:00,0.43428716516271254
2025-03-11 15:00,1.1640109212450591
2025-03-11 16:00,1.7929213055909667
2025-03-11 17:00,1.9328456661468953
2025-03-11 18:00,1.982735462208331
2025-03-11 19:00,2.212105892523091
2025-03-11 20:00,2.015967629789111
2025-03-11 21:00,1.6683159001541341
2025-03-11 22:00,1.0994983591163159
2025-03-11 23:00,1.7061304370937087
2025-03-12 00:00,0.7215299117674642
2025-03-12 01:00,1.2832589024085592
2025-03-12 02:00,2.6736272976733795
2025-03-12 03:00,2.251833703345026
2025-03-12 04:00,2.2693605995207595
2025-03-12 05:00,2.043375787224566
2025-03-12 06:00,0.8119662825961695
2025-03-12 07:00,0.28450466367318816
2025-03-12 08:00,0.3167178859257304
2025-03-12 09:00,0.5616373377427489
2025-03-12 10:00,0.5541543939054202
2025-03-12 11:00,1.1491295184963974
2025-03-12 12:00,2.004389789559546
2025-03-12 13:00,2.7021670102870963
2025-03-12 14:00,2.6001206038037306
2025-03-12 15:00,3.411632072558554
2025-03-12 16:00,2.864584357468861
2025-03-12 17:00,3.749159780615406
2025-03-12 18:00,2.520185322444964
2025-03-12 19:00,3.356274313878583
2025-03-12 20:00,6.244620560413108
2025-03-12 21:00,6.487336368185562
2025-03-12 22:00,6.804051414747104
2025-03-12 23:00,7.618975550402919
2025-03-13 00:00,9.81494980877584
2025-03-13 01:00,10.840914473262615
2025-03-13 02:00,11.011086275860114
2025-03-13 03:00,11.501890498901611
2025-03-13 04:00,12.00544486585697
2025-03-13 05:00,11.919477325513517
2025-03-13 06:00,11.941728919643289
2025-03-13 07:00,13.737376070566848
2025-03-13 08:00,16.21971726666356
2025-03-13 09:00,18.715460251036202
2025-03-13 10:00,21.343378940064607
2025-03-13 11:00,22.67340771067421
2025-03-13 12:00,23.307728992457935
2025-03-13 13:00,25.800621846313685
2025-03-13 14:00,26.617616307310815
2025-03-13 15:00,30.709045500048706
2025-03-13 16:00,34.79799697969125
2025-03-13 17:00,30.984932893559186
2025-03-13 18:00,33.063877411061235
2025-03-13 19:00,30.07865825492188
2025-03-13 20:00,26.64329722320171
2025-03-13 21:00,27.079634758726325
2025-03-13 22:00,22.49864396863484
2025-03-13 23:00,20.0876783513385
2025-03-14 00:00,8.436201732249652
2025-03-14 01:00,9.234357705178924
2025-03-14 02:00,9.131339255862832
2025-03-14 03:00,10.313551691333096
2025-03-14 04:00,10.67757807688976
2025-03-14 05:00,10.440573950903485
2025-03-14 06:00,9.903099124803964
2025-03-14 07:00,11.050839071122354
2025-03-14 08:00,10.503932283982344
2025-03-14 09:00,10.20985359135919
2025-03-14 10:00,8.178804445929194
2025-03-14 11:00,7.723941442833259
2025-03-14 12:00,6.719358320422735
2025-03-14 13:00,6.7361531033392295
2025-03-14 14:00,6.880614949361338
2025-03-14 15:00,8.913087884624645
2025-03-14 16:00,10.572094310781289
2025-03-14 17:00,12.371827464015945
2025-03-14 18:00,10.198167709590733
2025-03-14 19:00,7.354746369403094
2025-03-14 20:00,6.3181784473195135
2025-03-14 21:00,4.353261988590295
2025-03-14 22:00,3.7742229027024776
2025-03-14 23:00,3.5353983755935103
2025-03-15 00:00,4.689665262239564
2025-03-15 01:00,5.9659088807834095
2025-03-15 02:00,4.089646763611946
2025-03-15 03:00,4.530209736125221
2025-03-15 04:00,5.658397780491363
2025-03-15 05:00,5.859385743678331
2025-03-15 06:00,9.23085471916845
2025-03-15 07:00,11.25103965927363
2025-03-15 08:00,15.867776081596496
2025-03-15 09:00,19.359557244827307
2025-03-15 10:00,18.417535938644846
2025-03-15 11:00,16.700201933876574
2025-03-15 12:00,17.245545616713883
2025-03-15 13:00,15.64484778819093
2025-03-15 14:00,11.036508787689224
2025-03-15 15:00,12.085743942315219
2025-03-15 16:00,9.322070653248492
2025-03-15 17:00,6.755724074770476
2025-03-15 18:00,8.030169439784814
2025-03-15 19:00,6.458655251535672
2025-03-15 20:00,6.774505306283647
2025-03-15 21:00,5.594419433321428
2025-03-15 22:00,4.444207834515502
2025-03-15 23:00,5.70461507363494
2025-03-16 00:00,5.911016358436778
2025-03-16 01:00,5.907620180285735
2025-03-16 02:00,7.803200640996909
2025-03-16 03:00,10.440321201331399
2025-03-16 04:00,11.278334268245871
2025-03-16 05:00,11.44621204791739
2025-03-16 06:00,11.793469922940773
2025-03-16 07:00,16.516561099430863
2025-03-16 08:00,16.59640938823804
2025-03-16 09:00,26.123508945783072
2025-03-16 10:00,34.575891744461984
2025-03-16 11:00,40.23915316190664
2025-03-16 12:00,49.23856297737054
2025-03-16 13:00,53.32122777038901
2025-03-16 14:00,55.44395350488048
2025-03-16 15:00,56.02034415966722
2025-03-16 16:00,55.33293411110977
2025-03-16 17:00,54.46799644869139
2025-03-16 18:00,53.9924173871163
2025-03-16 19:00,53.49771595448508
2025-03-16 20:00,53.603060995274376
2025-03-16 21:00,53.96914888683585
2025-03-16 22:00,53.68531972786267
2025-03-16 23:00,54.42143245527448
2025-03-17 00:00,53.595234359998415
2025-03-17 01:00,54.031095451649946
2025-03-17 02:00,53.74233306070804
2025-03-17 03:00,54.7714239826332
2025-03-17 04:00,54.123593857887556
2025-03-17 05:00,54.36381855936344
2025-03-17 06:00,52.48862578447839
2025-03-17 07:00,50.71328863899592
2025-03-17 08:00,43.96346353205072
2025-03-17 09:00,36.49582838003993
2025-03-17 10:00,31.38024753988468
2025-03-17 11:00,29.172081335748505
2025-03-17 12:00,27.15246050484596
2025-03-17 13:00,20.53682709505669
2025-03-17 14:00,16.250461987119404
2025-03-17 15:00,18.39889112950272
2025-03-17 16:00,14.533830128959595
2025-03-17 17:00,10.6423037846006
2025-03-17 18:00,5.323147177374078
2025-03-17 19:00,5.328769990418512
2025-03-17 20:00,10.170433737446778
2025-03-17 21:00,9.07468716593574
2025-03-17 22:00,16.035693227921104
2025-03-17 23:00,22.499698726935396
2025-03-18 00:00,48.46934916415072
2025-03-18 01:00,41.47502679405156
2025-03-18 02:00,43.01370209569882
2025-03-18 03:00,47.42561487270589
2025-03-18 04:00,50.793246964121444
2025-03-18 05:00,52.370966511199676
2025-03-18 06:00,53.74899912331443
2025-03-18 07:00,55.0034181060777
2025-03-18 08:00,54.37472359370971
2025-03-18 09:00,51.540872127848736
2025-03-18 10:00,54.01190042837629
2025-03-18 11:00,55.851178696046134
2025-03-18 12:00,55.598904779797316
2025-03-18 13:00,56.669415490052266
2025-03-18 14:00,55.16173673292965
2025-03-18 15:00,55.59494834760323
2025-03-18 16:00,55.58274302901882
2025-03-18 17:00,54.11816005568028
2025-03-18 18:00,54.257601268320094
2025-03-18 19:00,53.316163147117614
2025-03-18 20:00,53.54396689175214
2025-03-18 21:00,54.75507560854569
2025-03-18 22:00,53.49070096384017
2025-03-18 23:00,54.3470489695483
2025-03-19 00:00,32.753644778195785
2025-03-19 01:00,31.193275000980005
2025-03-19 02:00,31.508350524342777
2025-03-19 03:00,26.31483873507715
2025-03-19 04:00,20.564213701086004
2025-03-19 05:00,16.79336705819009
2025-03-19 06:00,13.734041047977678
2025-03-19 07:00,9.877135135048764
2025-03-19 08:00,8.865153724920424
2025-03-19 09:00,7.7241180184981175
2025-03-19 10:00,4.26837272427645
2025-03-19 11:00,6.590360271834759
2025-03-19 12:00,7.288306249112456
2025-03-19 13:00,8.442677769321081
2025-03-19 14:00,11.098193677545472
2025-03-19 15:00,14.118545640005912
2025-03-19 16:00,15.570442231358873
2025-03-19 17:00,13.97940501837253
2025-03-19 18:00,9.498769340220827
2025-03-19 19:00,3.9869215762998267
2025-03-19 20:00,2.899591304616507
2025-03-19 21:00,1.791744170748049
2025-03-19 22:00,2.6643471456229357
2025-03-19 23:00,4.062697808178327
2025-03-20 00:00,12.92236271658934
2025-03-20 01:00,15.38932688122865
2025-03-20 02:00,18.891718280612395
2025-03-20 03:00,24.374237035192653
2025-03-20 04:00,28.045993566885624
2025-03-20 05:00,30.73286984989583
2025-03-20 06:00,39.16989877911187
2025-03-20 07:00,41.98862222064369
2025-03-20 08:00,41.314308869978646
2025-03-20 09:00,39.32101000994819
2025-03-20 10:00,38.75550788525592
2025-03-20 11:00,40.299912435359744
2025-03-20 12:00,39.22663215221873
2025-03-20 13:00,38.570240537336566
2025-03-20 14:00,37.30256629578671
2025-03-20 15:00,39.59079142770394
2025-03-20 16:00,39.655878630255486
2025-03-20 17:00,42.15887259618501
2025-03-20 18:00,43.044333697933745
2025-03-20 19:00,44.20819645975769
2025-03-20 20:00,44.35183163392588
2025-03-20 21:00,42.11593161710595
2025-03-20 22:00,42.364591826515344
2025-03-20 23:00,42.35458816044764
2025-03-21 00:00,43.135045465420454
2025-03-21 01:00,41.9230162348902
2025-03-21 02:00,42.09414618797115
2025-03-21 03:00,42.97776572050308
2025-03-21 04:00,43.05191649985759
2025-03-21 05:00,41.98527472970283
2025-03-21 06:00,42.859703430231264
2025-03-21 07:00,39.403206895961894
2025-03-21 08:00,34.88881725267994
2025-03-21 09:00,34.555551129275344
2025-03-21 10:00,34.3428449020578
2025-03-21 11:00,31.38314819682437
2025-03-21 12:00,29.991713408242124
2025-03-21 13:00,28.195046331128513
2025-03-21 14:00,24.659742887350276
2025-03-21 15:00,18.94739136799047
2025-03-21 16:00,15.611954766386079
2025-03-21 17:00,8.925292991123303
2025-03-21 18:00,6.205624224605436
2025-03-21 19:00,5.873724434817524
2025-03-21 20:00,6.889205742179953
2025-03-21 21:00,7.781408443956695
2025-03-21 22:00,6.996389860293102
2025-03-21 23:00,8.096006955459677
2025-03-22 00:00,28.29788134839465
2025-03-22 01:00,28.660061387280397
2025-03-22 02:00,30.26898115814119
2025-03-22 03:00,31.734536930867154
2025-03-22 04:00,36.67103121956804
2025-03-22 05:00,33.861582058962746
2025-03-22 06:00,34.86835656303652
2025-03-22 07:00,31.37069618044035
2025-03-22 08:00,26.324083967891838
2025-03-22 09:00,25.099002427921864
2025-03-22 10:00,26.246759541328487
2025-03-22 11:00,26.388716035389766
2025-03-22 12:00,29.16140480251568
2025-03-22 13:00,31.772636056559506
2025-03-22 14:00,32.383080268702514
2025-03-22 15:00,32.92926349624594
2025-03-22 16:00,31.653589361768372
2025-03-22 17:00,32.50481794820131
2025-03-22 18:00,27.8260857276577
2025-03-22 19:00,23.101398127936154
2025-03-22 20:00,23.013719631508025
2025-03-22 21:00,17.198227259097038
2025-03-22 22:00,16.130181209675097
2025-03-22 23:00,15.838360360111444
2025-03-23 00:00,27.30641438434043
2025-03-23 01:00,27.952367667630494
2025-03-23 02:00,27.767559757058972
2025-03-23 03:00,25.34554136163185
2025-03-23 04:00,22.22421678162692
2025-03-23 05:00,18.862223689032426
2025-03-23 06:00,18.446747823713675
2025-03-23 07:00,21.226774993159694
2025-03-23 08:00,19.82634945178684
2025-03-23 09:00,22.13328243397733
2025-03-23 10:00,21.720232777092065
2025-03-23 11:00,21.59277442431735
2025-03-23 12:00,26.606076437864232
2025-03-23 13:00,26.97210805593305
2025-03-23 14:00,27.52958606972277
2025-03-23 15:00,29.657528076860775
2025-03-23 16:00,28.731995868485086
2025-03-23 17:00,25.547661023873683
2025-03-23 18:00,23.577390159381917
2025-03-23 19:00,21.89983476895053
2025-03-23 20:00,15.374242373851894
2025-03-23 21:00,14.499999961748344
2025-03-23 22:00,13.818198663656778
2025-03-23 23:00,15.546014065176616
2025-03-24 00:00,31.093930608715684
2025-03-24 01:00,34.0961478115448
2025-03-24 02:00,37.086890677898374
2025-03-24 03:00,40.40851753568915
2025-03-24 04:00,41.595724477291306
2025-03-24 05:00,46.73153686500885
2025-03-24 06:00,50.578069588724674
2025-03-24 07:00,53.987686378592066
2025-03-24 08:00,56.57595126567559
2025-03-24 09:00,58.38962877265562
2025-03-24 10:00,58.424980864692834
2025-03-24 11:00,57.493320112419916
2025-03-24 12:00,56.55961570420771
2025-03-24 13:00,55.95959813876035
2025-03-24 14:00,53.5140201098441
2025-03-24 15:00,54.74374207932894
2025-03-24 16:00,52.93171756476452
2025-03-24 17:00,52.78957828797862
2025-03-24 18:00,48.17100158829879
2025-03-24 19:00,43.00589565156084
2025-03-24 20:00,37.067024447143815
2025-03-24 21:00,36.43552030247861
2025-03-24 22:00,32.08338166796995
2025-03-24 23:00,27.49275752228294
2025-03-25 00:00,14.544068262647658
2025-03-25 01:00,11.792360030780465
2025-03-25 02:00,12.26128628182702
2025-03-25 03:00,11.940633183658278
2025-03-25 04:00,12.503984952671438
2025-03-25 05:00,13.92837441958269
2025-03-25 06:00,19.14354573094835
2025-03-25 07:00,24.404103303263643
2025-03-25 08:00,31.825766300668548
2025-03-25 09:00,43.821286841498534
2025-03-25 10:00,46.374450809369684
2025-03-25 11:00,50.32829503393464
2025-03-25 12:00,53.18755727069879
2025-03-25 13:00,52.46633164314725
2025-03-25 14:00,51.54890702423629
2025-03-25 15:00,50.29800140808849
2025-03-25 16:00,48.86007098812831
2025-03-25 17:00,36.39207268372307
2025-03-25 18:00,24.578447990253192
2025-03-25 19:00,15.798419265626768
2025-03-25 20:00,9.18856249178249
2025-03-25 21:00,4.151240273232838
2025-03-25 22:00,2.081304507222228
2025-03-25 23:00,1.2492850855884068
2025-03-26 00:00,0.7847897206671801
2025-03-26 01:00,0.6942512610170644
2025-03-26 02:00,0.5812573091666549
2025-03-26 03:00,0.5064433431132033
2025-03-26 04:00,0.44687038186812583
2025-03-26 05:00,1.257195085683788
2025-03-26 06:00,0.933840878786563
2025-03-26 07:00,1.532483577732986
2025-03-26 08:00,2.0578091302921386
2025-03-26 09:00,3.451811299820445
2025-03-26 10:00,5.8099236191536745
2025-03-26 11:00,7.859524744704046
2025-03-26 12:00,9.24401365059269
2025-03-26 13:00,12.47437117205623
2025-03-26 14:00,17.931629682792067
2025-03-26 15:00,24.486490514535276
2025-03-26 16:00,27.381351098974637
2025-03-26 17:00,32.176359525739954
2025-03-26 18:00,37.045498309744396
2025-03-26 19:00,42.76258628796097
2025-03-26 20:00,46.675788495636255
2025-03-26 21:00,47.07765039140156
2025-03-26 22:00,49.579459272528055
2025-03-26 23:00,50.24626802294883
2025-03-27 00:00,54.68109585378557
2025-03-27 01:00,55.36968861720154
2025-03-27 02:00,53.071896222127215
2025-03-27 03:00,53.76985454546978
2025-03-27 04:00,50.277078429614505
2025-03-27 05:00,50.957725326532994
2025-03-27 06:00,50.72642958995802
2025-03-27 07:00,44.15439647773828
2025-03-27 08:00,39.402781971197804
2025-03-27 09:00,33.01580202249525
2025-03-27 10:00,23.13193491325616
2025-03-27 11:00,19.045261754861773
2025-03-27 12:00,16.253985424708862
2025-03-27 13:00,15.167365645087266
2025-03-27 14:00,23.860457150042347
2025-03-27 15:00,36.57817351470725
2025-03-27 16:00,36.84297588896025
2025-03-27 17:00,42.26375658483578
2025-03-27 18:00,43.9429277802539
2025-03-27 19:00,41.69267385420931
2025-03-27 20:00,42.56434441188349
2025-03-27 21:00,41.696562204917065
2025-03-27 22:00,40.2101818909257
2025-03-27 23:00,40.07627007376672
2025-03-28 00:00,52.6624780785377
2025-03-28 01:00,52.684423596876094
2025-03-28 02:00,52.835571785711295
2025-03-28 03:00,53.20978227776123
2025-03-28 04:00,52.893849958871364
2025-03-28 05:00,52.362244821115695
2025-03-28 06:00,54.886648886673264
2025-03-28 07:00,56.19998300146483
2025-03-28 08:00,56.199931058708785
2025-03-28 09:00,55.772222282401835
2025-03-28 10:00,55.793256323915585
2025-03-28 11:00,54.72931980716038
2025-03-28 12:00,54.24781065250591
2025-03-28 13:00,54.70993449919062
2025-03-28 14:00,54.253617970220624
2025-03-28 15:00,54.135449823654376
2025-03-28 16:00,54.4531655209727
2025-03-28 17:00,53.80328893655501
2025-03-28 18:00,53.5915128745992
2025-03-28 19:00,51.79348637232173
2025-03-28 20:00,47.7605042687101
2025-03-28 21:00,45.594913830978726
2025-03-28 22:00,43.99598404716985
2025-03-28 23:00,42.125134617388404
2025-03-29 00:00,13.01227760698739
2025-03-29 01:00,12.213617996843388
2025-03-29 02:00,11.713563262611743
2025-03-29 03:00,10.11044458710682
2025-03-29 04:00,6.940566298707786
2025-03-29 05:00,5.719944242140801
2025-03-29 06:00,6.546110095027934
2025-03-29 07:00,4.679033447513844
2025-03-29 08:00,4.7898322205614035
2025-03-29 09:00,5.040422429242248
2025-03-29 10:00,8.908478621994169
2025-03-29 11:00,10.182856673159819
2025-03-29 12:00,19.694449160146558
2025-03-29 13:00,28.042845857183877
2025-03-29 14:00,36.71860222754948
2025-03-29 15:00,48.79517806293945
2025-03-29 16:00,49.323577492683135
2025-03-29 17:00,47.64852411902569
2025-03-29 18:00,46.35348889688936
2025-03-29 19:00,42.99143379135855
2025-03-29 20:00,35.12401993222054
2025-03-29 21:00,34.6175642627452
2025-03-29 22:00,31.916334213328398
2025-03-29 23:00,25.548428718619537
2025-03-30 00:00,5.5210713816920505
2025-03-30 01:00,4.845587899375862
2025-03-30 02:00,5.590836216822482
2025-03-30 03:00,7.853287839991712
2025-03-30 04:00,7.22657597498129
2025-03-30 05:00,8.97214380368179
2025-03-30 06:00,12.705533684240157
2025-03-30 07:00,12.796570262080628
2025-03-30 08:00,12.866378700679261
2025-03-30 09:00,8.806238503211476
2025-03-30 10:00,7.599556907149271
2025-03-30 11:00,9.806017386713435
2025-03-30 12:00,12.991424471856716
2025-03-30 13:00,14.000544572564905
2025-03-30 14:00,14.710591678318439
2025-03-30 15:00,16.924735639870754
2025-03-30 16:00,15.405487811297782
2025-03-30 17:00,14.199564925412053
2025-03-30 18:00,8.934385039998313
2025-03-30 19:00,7.213867448999409
2025-03-30 20:00,4.20095775890232
2025-03-30 21:00,4.210246923049831
2025-03-30 22:00,3.1226962194516297
2025-03-30 23:00,3.0447762158674596
2025-03-31 00:00,1.5360963221298451
2025-03-31 01:00,1.7064604940794321
2025-03-31 02:00,1.8498491148798293
2025-03-31 03:00,2.168642843530034
2025-03-31 04:00,2.3864163310094426
2025-03-31 05:00,3.9097319595650895
2025-03-31 06:00,4.5086595727984475
2025-03-31 07:00,2.055464332778088
2025-03-31 08:00,2.620454889016271
2025-03-31 09:00,2.5676689955913754
2025-03-31 10:00,2.4054013233810534
2025-03-31 11:00,3.4195388394470156
2025-03-31 12:00,2.714700718821391
2025-03-31 13:00,2.4979661646174076
2025-03-31 14:00,2.4083000534202053
2025-03-31 15:00,3.1342235430502483
2025-03-31 16:00,3.820477651544135
2025-03-31 17:00,3.957957005030759
2025-03-31 18:00,2.0729806604001397
2025-03-31 19:00,0.9142750049837058
2025-03-31 20:00,0.20730402338181075
2025-03-31 21:00,0.128565028883297
2025-03-31 22:00,0.0026584773286851306
2025-03-31 23:00,0.11015382732274583
2025-04-01 00:00,0.18450671053402853
2025-04-01 01:00,0.17316711922098946
2025-04-01 02:00,0.08814362734188641
2025-04-01 03:00,0.058570556142397
2025-04-01 04:00,0.05321910601930006
2025-04-01 05:00,0.22391295704435277
2025-04-01 06:00,0.14185107837582253
2025-04-01 07:00,0.16744404964048396
2025-04-01 08:00,0.21797884188762687
2025-04-01 09:00,0.07855546892934136
2025-04-01 10:00,0.7771076030254308
2025-04-01 11:00,1.0386495805567009
2025-04-01 12:00,3.152291168675245
2025-04-01 13:00,3.912443601895801
2025-04-01 14:00,5.461954149307954
2025-04-01 15:00,7.044187877853074
2025-04-01 16:00,7.815170824474056
2025-04-01 17:00,7.254041618624882
2025-04-01 18:00,6.351081755263851
2025-04-01 19:00,2.769114779116331
2025-04-01 20:00,1.6384043224255862
2025-04-01 21:00,1.7657732597253115
2025-04-01 22:00,0.35206410295649393
2025-04-01 23:00,0.24040781087772387
2025-04-02 00:00,0.6274052416101644
2025-04-02 01:00,1.0206390313641984
2025-04-02 02:00,1.3661437636358713
2025-04-02 03:00,1.699804933750381
2025-04-02 04:00,1.796603833224412
2025-04-02 05:00,1.5645914592594117
2025-04-02 06:00,2.290110997568189
2025-04-02 07:00,1.7377197509291975
2025-04-02 08:00,1.4974620267648042
2025-04-02 09:00,1.7699659186620291
2025-04-02 10:00,1.9236959869330843
2025-04-02 11:00,5.228211686445977
2025-04-02 12:00,6.949373334295248
2025-04-02 13:00,8.313520896881409
2025-04-02 14:00,13.231907254612487
2025-04-02 15:00,17.278508325474522
2025-04-02 16:00,19.69297301714189
2025-04-02 17:00,21.504319970505367
2025-04-02 18:00,17.299125056117948
2025-04-02 19:00,15.434171769613455
2025-04-02 20:00,13.491558545698787
2025-04-02 21:00,12.513642247956232
2025-04-02 22:00,8.97912907435719
2025-04-02 23:00,11.141417176024023
2025-04-03 00:00,3.974953360147385
2025-04-03 01:00,4.554208131273117
2025-04-03 02:00,5.616205598045245
2025-04-03 03:00,5.34040053561714
2025-04-03 04:00,5.680995801785859
2025-04-03 05:00,4.967113207512294
2025-04-03 06:00,3.358207462697989
2025-04-03 07:00,2.1845281001043535
2025-04-03 08:00,0.60908123665773
2025-04-03 09:00,0.5817384389148437
2025-04-03 10:00,0.7745039034057863
2025-04-03 11:00,2.6048912683147054
2025-04-03 12:00,5.524585527898193
2025-04-03 13:00,7.784337531450191
2025-04-03 14:00,8.941597401687309
2025-04-03 15:00,11.407940179432016
2025-04-03 16:00,11.522748435677954
2025-04-03 17:00,12.243666777429148
2025-04-03 18:00,8.589098669253715
2025-04-03 19:00,5.234099294430699
2025-04-03 20:00,3.0894963378304108
2025-04-03 21:00,1.384745169527406
2025-04-03 22:00,1.040900116214641
2025-04-03 23:00,0.8417995007365989
2025-04-04 00:00,0.07290572318493488
2025-04-04 01:00,0.34489385238544434
2025-04-04 02:00,0.2428890326107033
2025-04-04 03:00,0.49540716740130186
2025-04-04 04:00,0.3739150145782199
2025-04-04 05:00,0.18088178111729758
2025-04-04 06:00,0.09236260229484938
2025-04-04 07:00,0.09837417722261939
2025-04-04 08:00,0.0
2025-04-04 09:00,0.562517943503586
2025-04-04 10:00,1.2108312327749333
2025-04-04 11:00,1.925139957886502
2025-04-04 12:00,2.8664952009116065
2025-04-04 13:00,4.1611936814285
2025-04-04 14:00,7.392548515935844
2025-04-04 15:00,8.90310366662096
2025-04-04 16:00,8.453621244924934
2025-04-04 17:00,8.73599939058072
2025-04-04 18:00,6.094014372916978
2025-04-04 19:00,7.981118199302107
2025-04-04 20:00,6.085970259507374
2025-04-04 21:00,3.2248361469649276
2025-04-04 22:00,4.0599691342971544
2025-04-04 23:00,3.2307262257424347
2025-04-05 00:00,4.64608134186337
2025-04-05 01:00,3.78984439433977
2025-04-05 02:00,4.44363519123359
2025-04-05 03:00,5.324470346196084
2025-04-05 04:00,8.131149919967111
2025-04-05 05:00,11.732694371245733
2025-04-05 06:00,22.227487718896082
2025-04-05 07:00,27.34220415771315
2025-04-05 08:00,33.41490234836883
2025-04-05 09:00,40.93118508031528
2025-04-05 10:00,40.66607881053897
2025-04-05 11:00,39.60099568473876
2025-04-05 12:00,38.04088258655802
2025-04-05 13:00,35.56135922024009
2025-04-05 14:00,34.96410543838099
2025-04-05 15:00,32.49161370020684
2025-04-05 16:00,31.609783985190887
2025-04-05 17:00,29.71353814443094
2025-04-05 18:00,17.703454542282437
2025-04-05 19:00,11.893722669594865
2025-04-05 20:00,6.5097896763257745
2025-04-05 21:00,2.6699525931931958
2025-04-05 22:00,1.3326055503390102
2025-04-05 23:00,1.3944577698588372
2025-04-06 00:00,4.03760461584751
2025-04-06 01:00,3.9350588631442585
2025-04-06 02:00,2.930402042898855
2025-04-06 03:00,1.6207646802951083
2025-04-06 04:00,1.7763238268440729
2025-04-06 05:00,1.1402086236001052
2025-04-06 06:00,1.6319122842150195
2025-04-06 07:00,1.9705635421725065
2025-04-06 08:00,1.713431664587849
2025-04-06 09:00,4.591593489491216
2025-04-06 10:00,6.1468017733122196
2025-04-06 11:00,6.349218983431348
2025-04-06 12:00,10.285120246712381
2025-04-06 13:00,12.8315020341852
2025-04-06 14:00,12.9136623693054
2025-04-06 15:00,14.33078391261021
2025-04-06 16:00,9.937413399446397
2025-04-06 17:00,10.16748520813575
2025-04-06 18:00,6.457596942407386
2025-04-06 19:00,5.438482186199505
2025-04-06 20:00,3.460830759665891
2025-04-06 21:00,2.585854737311959
2025-04-06 22:00,2.3270885491206847
2025-04-06 23:00,2.4059696723259036
2025-04-07 00:00,6.1066124768908
2025-04-07 01:00,5.634080999259983
2025-04-07 02:00,6.628267142764536
2025-04-07 03:00,7.65652985232968
2025-04-07 04:00,7.180645101799734
2025-04-07 05:00,7.78108710069515
2025-04-07 06:00,10.323411146715868
2025-04-07 07:00,15.093631976088693
2025-04-07 08:00,19.137261290398417
2025-04-07 09:00,26.58920889036122
2025-04-07 10:00,32.55505362184348
2025-04-07 11:00,38.61572337458657
2025-04-07 12:00,44.46046551866249
2025-04-07 13:00,48.26940018019827
2025-04-07 14:00,51.57894954002693
2025-04-07 15:00,50.72425573642127
2025-04-07 16:00,53.15687062996141
2025-04-07 17:00,54.934236868733
2025-04-07 18:00,53.01349204793149
2025-04-07 19:00,51.55829027199615
2025-04-07 20:00,53.44877968883032
2025-04-07 21:00,52.846228680849265
2025-04-07 22:00,52.1786763467876
2025-04-07 23:00,53.3547189666346
2025-04-08 00:00,53.96722362907612
2025-04-08 01:00,51.90766487116909
2025-04-08 02:00,48.26568274902839
2025-04-08 03:00,45.55733549718639
2025-04-08 04:00,43.250987855306654
2025-04-08 05:00,35.252895946200105
2025-04-08 06:00,30.351971211784626
2025-04-08 07:00,25.21772774912957
2025-04-08 08:00,18.213518180654656
2025-04-08 09:00,13.313186453533538
2025-04-08 10:00,9.984318422079175
2025-04-08 11:00,7.943395866345765
2025-04-08 12:00,5.7753301957644565
2025-04-08 13:00,9.118605697273887
2025-04-08 14:00,7.497307807572163
2025-04-08 15:00,7.224247226744744
2025-04-08 16:00,6.0192525443783795
2025-04-08 17:00,6.9846338080087245
2025-04-08 18:00,4.252742027611297
2025-04-08 19:00,3.3751839434682758
2025-04-08 20:00,1.643163965586605
2025-04-08 21:00,1.0712650525470029
2025-04-08 22:00,0.7691613668027601
2025-04-08 23:00,0.5015573479886699
2025-04-09 00:00,0.4494441859736144
2025-04-09 01:00,0.5805622784350852
2025-04-09 02:00,0.19461020585728306
2025-04-09 03:00,0.09372324219408296
2025-04-09 04:00,0.2887154747608606
2025-04-09 05:00,0.0993581670756354
2025-04-09 06:00,0.394755902038941
2025-04-09 07:00,0.8174365335789102
2025-04-09 08:00,0.5661428506175469
2025-04-09 09:00,1.3462271655512552
2025-04-09 10:00,1.4220063342903781
2025-04-09 11:00,1.606376593138014
2025-04-09 12:00,2.9261684269551425
2025-04-09 13:00,3.85844210538275
2025-04-09 14:00,7.238517772488479
2025-04-09 15:00,9.535977519701333
2025-04-09 16:00,10.527997054495211
2025-04-09 17:00,12.46807497579393
2025-04-09 18:00,9.890704833030528
2025-04-09 19:00,8.770846832666157
2025-04-09 20:00,4.919205052720969
2025-04-09 21:00,6.270536515907859
2025-04-09 22:00,6.117088779325127
2025-04-09 23:00,4.7598694114308655
2025-04-10 00:00,0.8031492557915048
2025-04-10 01:00,0.6193505804162341
2025-04-10 02:00,0.45749913270344783
2025-04-10 03:00,0.5126128440761942
2025-04-10 04:00,0.6354747081249008
2025-04-10 05:00,0.8275019895814569
2025-04-10 06:00,0.9619115692774202
2025-04-10 07:00,0.7100082793419856
2025-04-10 08:00,1.120436595950234
2025-04-10 09:00,0.48361208181472665
2025-04-10 10:00,0.7032393517182873
2025-04-10 11:00,1.6356214052469547
2025-04-10 12:00,2.3438681196381297
2025-04-10 13:00,3.797794028009155
2025-04-10 14:00,4.627425740032837
2025-04-10 15:00,6.493403215830102
2025-04-10 16:00,5.635677656034541
2025-04-10 17:00,4.757971271584967
2025-04-10 18:00,2.9441344782652745
2025-04-10 19:00,2.776417639969638
2025-04-10 20:00,3.055337748231961
2025-04-10 21:00,2.8649521594568754
2025-04-10 22:00,2.817167613528874
2025-04-10 23:00,2.8047587426430582
2025-04-11 00:00,3.656391805707782
2025-04-11 01:00,2.089741694151152
2025-04-11 02:00,1.1643832493861843
2025-04-11 03:00,1.2517459516989797
2025-04-11 04:00,1.1731355424707275
2025-04-11 05:00,0.5199142399774397
2025-04-11 06:00,0.41970643973379657
2025-04-11 07:00,0.38252667225472675
2025-04-11 08:00,0.37288656748808385
2025-04-11 09:00,0.39667987673971833
2025-04-11 10:00,0.2600453907855991
2025-04-11 11:00,0.042573467527968235
2025-04-11 12:00,0.9651547114949555
2025-04-11 13:00,1.3253093222797154
2025-04-11 14:00,2.232920294646952
2025-04-11 15:00,2.9224974159019137
2025-04-11 16:00,4.076850401066637
2025-04-11 17:00,2.9042470403050693
2025-04-11 18:00,3.620462574823401
2025-04-11 19:00,3.936168551143885
2025-04-11 20:00,4.64151060904855
2025-04-11 21:00,4.448443224376767
2025-04-11 22:00,4.418233229786881
2025-04-11 23:00,4.990649689409976
2025-04-12 00:00,11.573230740781412
2025-04-12 01:00,13.807070038853135
2025-04-12 02:00,16.613303325245543
2025-04-12 03:00,22.93549364800153
2025-04-12 04:00,30.75280109890943
2025-04-12 05:00,36.01604644329381
2025-04-12 06:00,44.6889799297768
2025-04-12 07:00,47.375882509571206
2025-04-12 08:00,48.02817148277726
2025-04-12 09:00,50.58787567956394
2025-04-12 10:00,47.25931756900214
2025-04-12 11:00,51.074117403566525
2025-04-12 12:00,50.79589612682721
2025-04-12 13:00,52.29565840450047
2025-04-12 14:00,53.060558188194534
2025-04-12 15:00,54.1276327496908
2025-04-12 16:00,54.40558270751027
2025-04-12 17:00,55.786919620119725
2025-04-12 18:00,54.05147633763872
2025-04-12 19:00,54.59032905665165
2025-04-12 20:00,52.02947284135771
2025-04-12 21:00,53.391499070352175
2025-04-12 22:00,51.866877968977086
2025-04-12 23:00,49.4695627301449
2025-04-13 00:00,19.698260657296007
2025-04-13 01:00,20.175346913883605
2025-04-13 02:00,22.265733954155603
2025-04-13 03:00,28.03469112010158
2025-04-13 04:00,33.31353958597088
2025-04-13 05:00,35.65285321348515
2025-04-13 06:00,47.51407085048381
2025-04-13 07:00,49.865789662336
2025-04-13 08:00,52.517040162129774
2025-04-13 09:00,52.80499248441299
2025-04-13 10:00,52.191515414474395
2025-04-13 11:00,53.32352840004418
2025-04-13 12:00,54.32553371328519
2025-04-13 13:00,53.375170505395005
2025-04-13 14:00,51.86049698367251
2025-04-13 15:00,51.79698121497921
2025-04-13 16:00,50.48830384467183
2025-04-13 17:00,47.01209755082579
2025-04-13 18:00,45.45430488376485
2025-04-13 19:00,46.648434628803216
2025-04-13 20:00,46.38529213803656
2025-04-13 21:00,42.8047604180185
2025-04-13 22:00,40.16628913186674
2025-04-13 23:00,40.51451607202028
2025-04-14 00:00,53.11546602795562
2025-04-14 01:00,50.149160407857806
2025-04-14 02:00,53.68254739300567
2025-04-14 03:00,48.74791856839727
2025-04-14 04:00,48.2476913183396
2025-04-14 05:00,44.57731033318354
2025-04-14 06:00,38.488176370316516
2025-04-14 07:00,34.92530635041649
2025-04-14 08:00,27.2836710471372
2025-04-14 09:00,28.675264477281758
2025-04-14 10:00,25.565059947686418
2025-04-14 11:00,27.220253297848064
2025-04-14 12:00,30.52376009892644
2025-04-14 13:00,32.27372392640201
2025-04-14 14:00,35.30995663528722
2025-04-14 15:00,37.939044845006464
2025-04-14 16:00,40.00282020467731
2025-04-14 17:00,43.73704484214212
2025-04-14 18:00,46.933596176829724
2025-04-14 19:00,46.85436056385843
2025-04-14 20:00,51.65088710441791
2025-04-14 21:00,51.303617784055156
2025-04-14 22:00,52.73693366979868
2025-04-14 23:00,54.22360980445913
2025-04-15 00:00,50.99115373721881
2025-04-15 01:00,51.069786627645406
2025-04-15 02:00,47.6860241261298
2025-04-15 03:00,45.943544972542156
2025-04-15 04:00,41.32810690478855
2025-04-15 05:00,39.40182532040672
2025-04-15 06:00,35.0707735202296
2025-04-15 07:00,34.18863426901731
2025-04-15 08:00,36.3566701903637
2025-04-15 09:00,37.038042464268564
2025-04-15 10:00,36.59719292855595
2025-04-15 11:00,35.626697214704166
2025-04-15 12:00,32.21952664167522
2025-04-15 13:00,31.289964605693992
2025-04-15 14:00,30.391664813130927
2025-04-15 15:00,24.40985085469642
2025-04-15 16:00,16.556093961277213
2025-04-15 17:00,12.105824141970524
2025-04-15 18:00,8.008996832219822
2025-04-15 19:00,6.746637623966997
2025-04-15 20:00,3.2132136616805127
2025-04-15 21:00,2.841372154053321
2025-04-15 22:00,4.68809434605399
2025-04-15 23:00,7.3704106081319525
2025-04-16 00:00,9.006931592681944
2025-04-16 01:00,7.73381958323601
2025-04-16 02:00,10.297030288156824
2025-04-16 03:00,12.864507250147954
2025-04-16 04:00,14.787254777452409
2025-04-16 05:00,18.73076475889312
2025-04-16 06:00,26.68704062046017
2025-04-16 07:00,33.29256156245645
2025-04-16 08:00,43.02202148834012
2025-04-16 09:00,45.094990269238316
2025-04-16 10:00,48.814017991753765
2025-04-16 11:00,50.782803485909845
2025-04-16 12:00,53.47754461592277
2025-04-16 13:00,53.91309705092245
2025-04-16 14:00,54.38728699301976
2025-04-16 15:00,54.89812253101778
2025-04-16 16:00,55.727094765722306
2025-04-16 17:00,55.265562615464155
2025-04-16 18:00,54.54379024332946
2025-04-16 19:00,55.16321706990999
2025-04-16 20:00,55.289320524477354
2025-04-16 21:00,54.153424329235314
2025-04-16 22:00,54.95028581216789
2025-04-16 23:00,55.20081740474111
2025-04-17 00:00,56.6854861046518
2025-04-17 01:00,56.58983298048181
2025-04-17 02:00,55.53852242969166
2025-04-17 03:00,57.618976884067735
2025-04-17 04:00,56.50073701813913
2025-04-17 05:00,55.84040056470449
2025-04-17 06:00,56.416340643117245
2025-04-17 07:00,56.86038591291838
2025-04-17 08:00,56.79131482188842
2025-04-17 09:00,55.68354540068166
2025-04-17 10:00,56.16717443618302
2025-04-17 11:00,55.75856192706609
2025-04-17 12:00,55.56801082159908
2025-04-17 13:00,55.36933339968755
2025-04-17 14:00,53.23610973046684
2025-04-17 15:00,53.9079902279987
2025-04-17 16:00,51.16059206479256
2025-04-17 17:00,50.36717689217363
2025-04-17 18:00,48.37612307084183
2025-04-17 19:00,51.25054230340152
2025-04-17 20:00,51.15155280496047
2025-04-17 21:00,49.163224342891304
2025-04-17 22:00,49.055024131082384
2025-04-17 23:00,50.0879272280039
2025-04-18 00:00,49.9656313430197
2025-04-18 01:00,52.145051169249335
2025-04-18 02:00,51.00831337893859
2025-04-18 03:00,50.66863017211201
2025-04-18 04:00,48.822894523226545
2025-04-18 05:00,47.69625211741087
2025-04-18 06:00,47.63234911099048
2025-04-18 07:00,43.400801442449904
2025-04-18 08:00,38.43281208094232
2025-04-18 09:00,35.706556511800336
2025-04-18 10:00,31.695993803149246
2025-04-18 11:00,29.363480375010084
2025-04-18 12:00,27.951940279752407
2025-04-18 13:00,23.00418183287644
2025-04-18 14:00,21.189601618621506
2025-04-18 15:00,20.56384962309042
2025-04-18 16:00,19.602644101989412
2025-04-18 17:00,20.046715122293058
2025-04-18 18:00,20.309401734380927
2025-04-18 19:00,21.21208225074745
2025-04-18 20:00,20.50838120862009
2025-04-18 21:00,20.49550671527144
2025-04-18 22:00,18.11976991598583
2025-04-18 23:00,17.649428028367538
2025-04-19 00:00,33.022355102779464
2025-04-19 01:00,35.1397933922089
2025-04-19 02:00,37.499370668258024
2025-04-19 03:00,39.19558467704142
2025-04-19 04:00,42.990026128616655
2025-04-19 05:00,41.99878794043553
2025-04-19 06:00,45.02208495503146
2025-04-19 07:00,47.25929923403287
2025-04-19 08:00,45.766244871813434
2025-04-19 09:00,50.1301853963515
2025-04-19 10:00,51.66622877034491
2025-04-19 11:00,50.36597701218252
2025-04-19 12:00,51.845550635991174
2025-04-19 13:00,48.844267082283444
2025-04-19 14:00,45.5566801995603
2025-04-19 15:00,45.881170859382784
2025-04-19 16:00,40.95333723648295
2025-04-19 17:00,37.3511705847888
2025-04-19 18:00,35.06527493874564
2025-04-19 19:00,22.860821059429725
2025-04-19 20:00,12.672142156100378
2025-04-19 21:00,14.367269176138569
2025-04-19 22:00,13.366720082125093
2025-04-19 23:00,9.150812617375138
2025-04-20 00:00,0.5965890239522941
2025-04-20 01:00,1.1505234281184915
2025-04-20 02:00,2.706845042543381
2025-04-20 03:00,3.015937335275737
2025-04-20 04:00,6.504756044400036
2025-04-20 05:00,10.409966328179074
2025-04-20 06:00,10.879389421016265
2025-04-20 07:00,11.983789713189225
2025-04-20 08:00,11.773755033241086
2025-04-20 09:00,10.94281450851451
2025-04-20 10:00,10.41012966294431
2025-04-20 11:00,10.635876039363636
2025-04-20 12:00,12.52646694906006
2025-04-20 13:00,12.917747162215413
2025-04-20 14:00,13.727611627821707
2025-04-20 15:00,17.143981470105317
2025-04-20 16:00,18.888282942927475
2025-04-20 17:00,19.362196033183448
2025-04-20 18:00,16.158682714001227
2025-04-20 19:00,11.104860424152484
2025-04-20 20:00,7.918240424416079
2025-04-20 21:00,4.808227161150641
2025-04-20 22:00,3.809229666017058
2025-04-20 23:00,1.7739962869623314
2025-04-21 00:00,0.20692796254804938
2025-04-21 01:00,0.3783596881345385
2025-04-21 02:00,0.8481535147251149
2025-04-21 03:00,1.5382665112786065
2025-04-21 04:00,1.6323429872989832
2025-04-21 05:00,1.8369923385237652
2025-04-21 06:00,2.7446027430830973
2025-04-21 07:00,4.333862745870585
2025-04-21 08:00,5.748303686872255
2025-04-21 09:00,7.272647907932666
2025-04-21 10:00,7.117505779256529
2025-04-21 11:00,11.761736065321763
2025-04-21 12:00,13.081624955744898
2025-04-21 13:00,15.759952721926252
2025-04-21 14:00,16.509149309987738
2025-04-21 15:00,17.702990920593013
2025-04-21 16:00,17.49957653029664
2025-04-21 17:00,17.764967544039845
2025-04-21 18:00,17.372669922924782
2025-04-21 19:00,15.24417756284569
2025-04-21 20:00,14.129135212404435
2025-04-21 21:00,13.317525084985421
2025-04-21 22:00,13.366093649230075
2025-04-21 23:00,12.81620812941226
2025-04-22 00:00,12.610199546124692
2025-04-22 01:00,13.403649674608113
2025-04-22 02:00,18.925421998642893
2025-04-22 03:00,21.236012541853697
2025-04-22 04:00,24.112332553401007
2025-04-22 05:00,28.348168426710654
2025-04-22 06:00,32.01253435463061
2025-04-22 07:00,38.33549080672585
2025-04-22 08:00,42.41367091960646
2025-04-22 09:00,43.300845982162734
2025-04-22 10:00,45.60748901099293
2025-04-22 11:00,44.63875320733532
2025-04-22 12:00,43.065024464520235
2025-04-22 13:00,41.5084424200659
2025-04-22 14:00,37.94492418109763
2025-04-22 15:00,38.05708126366785
2025-04-22 16:00,30.735904429500835
2025-04-22 17:00,22.352420503064653
2025-04-22 18:00,20.775504818214923
2025-04-22 19:00,20.241242684231512
2025-04-22 20:00,15.362814574917039
2025-04-22 21:00,17.304202490824963
2025-04-22 22:00,14.903411126284345
2025-04-22 23:00,13.032145228846668
2025-04-23 00:00,28.64383143477629
2025-04-23 01:00,29.325463973479625
2025-04-23 02:00,29.357703789757437
2025-04-23 03:00,28.128195685470256
2025-04-23 04:00,22.367052324991096
2025-04-23 05:00,20.31115018986567
2025-04-23 06:00,18.393530430024615
2025-04-23 07:00,12.290037224220598
2025-04-23 08:00,8.792247461055807
2025-04-23 09:00,5.753037749948838
2025-04-23 10:00,3.7604350655506007
2025-04-23 11:00,3.12279106459776
2025-04-23 12:00,3.7113582287024034
2025-04-23 13:00,3.956059260068736
2025-04-23 14:00,5.127268482812084
2025-04-23 15:00,7.950338270942936
2025-04-23 16:00,7.0602117730627
2025-04-23 17:00,3.430495446600775
2025-04-23 18:00,1.2239934479709176
2025-04-23 19:00,0.7811735771498932
2025-04-23 20:00,0.16099613385396164
2025-04-23 21:00,0.1150349294690478
2025-04-23 22:00,0.38808901771809
2025-04-23 23:00,0.46937775607127463
2025-04-24 00:00,1.3433796873789963
2025-04-24 01:00,1.1324311777207783
2025-04-24 02:00,1.2676705863488207
2025-04-24 03:00,1.324117273113827
2025-04-24 04:00,1.0418069399750787
2025-04-24 05:00,0.6671972556476847
2025-04-24 06:00,0.4817516687744283
2025-04-24 07:00,0.604698711942507
2025-04-24 08:00,0.8637745651759254
2025-04-24 09:00,2.3995451172204487
2025-04-24 10:00,2.42967723549725
2025-04-24 11:00,4.398106374143242
2025-04-24 12:00,5.482341016787118
2025-04-24 13:00,9.762140427519702
2025-04-24 14:00,13.636187591272693
2025-04-24 15:00,17.541794918232792
2025-04-24 16:00,20.08527292874217
2025-04-24 17:00,27.532055141510696
2025-04-24 18:00,28.95739476412319
2025-04-24 19:00,29.16335862922416
2025-04-24 20:00,30.4652211564427
2025-04-24 21:00,31.840427016104417
2025-04-24 22:00,29.08631788555662
2025-04-24 23:00,25.516546111981814
2025-04-25 00:00,21.855530480761995
2025-04-25 01:00,20.703695828291547
2025-04-25 02:00,19.991882251662172
2025-04-25 03:00,20.204399675391826
2025-04-25 04:00,17.365626486899245
2025-04-25 05:00,13.028759843515289
2025-04-25 06:00,12.143917316133956
2025-04-25 07:00,6.486456125358759
2025-04-25 08:00,4.901868710093242
2025-04-25 09:00,3.6008185655398193
2025-04-25 10:00,2.484695984723024
2025-04-25 11:00,4.077438487426417
2025-04-25 12:00,5.429088505331723
2025-04-25 13:00,5.913819994119016
2025-04-25 14:00,6.399439269590587
2025-04-25 15:00,8.821512234635714
2025-04-25 16:00,7.917751689744836
2025-04-25 17:00,6.634483491117078
2025-04-25 18:00,6.2057090547841325
2025-04-25 19:00,3.421454392560253
2025-04-25 20:00,1.7269688169391164
2025-04-25 21:00,0.4295385634524032
2025-04-25 22:00,0.330580053260671
2025-04-25 23:00,0.6547726157640738
2025-04-26 00:00,0.31588728328455556
2025-04-26 01:00,0.5522527499132179
2025-04-26 02:00,0.5056313468998367
2025-04-26 03:00,0.4370448655369937
2025-04-26 04:00,0.23429534055571646
2025-04-26 05:00,0.21642033032599062
2025-04-26 06:00,0.2648306762653807
2025-04-26 07:00,0.4355987856387058
2025-04-26 08:00,2.1409924016950495
2025-04-26 09:00,4.929963191637032
2025-04-26 10:00,6.173393278188187
2025-04-26 11:00,10.36990630408751
2025-04-26 12:00,11.157588218728014
2025-04-26 13:00,16.159274783335917
2025-04-26 14:00,16.3537034944701
2025-04-26 15:00,19.089298801748445
2025-04-26 16:00,17.94145674880426
2025-04-26 17:00,18.18713614735944
2025-04-26 18:00,17.663758006429802
2025-04-26 19:00,18.06617433281345
2025-04-26 20:00,19.716075419936743
2025-04-26 21:00,17.022254795550367
2025-04-26 22:00,17.164890288965946
2025-04-26 23:00,17.667912586818414
2025-04-27 00:00,15.073014539455805
2025-04-27 01:00,13.11090252083568
2025-04-27 02:00,14.174672560658559
2025-04-27 03:00,15.34595910335011
2025-04-27 04:00,12.010159234097552
2025-04-27 05:00,12.961789257615644
2025-04-27 06:00,13.604856139538791
2025-04-27 07:00,12.211449306931017
2025-04-27 08:00,12.340497472905474
2025-04-27 09:00,11.375487104025675
2025-04-27 10:00,9.264977921720085
2025-04-27 11:00,8.57941864100553
2025-04-27 12:00,6.14180205736585
2025-04-27 13:00,6.157358289016032
2025-04-27 14:00,6.026359126100631
2025-04-27 15:00,4.756921568833093
2025-04-27 16:00,5.824880051404004
2025-04-27 17:00,4.161282622930784
2025-04-27 18:00,3.3239560945651996
2025-04-27 19:00,2.4926285278003593
2025-04-27 20:00,1.8543222719529746
2025-04-27 21:00,0.959791479792376
2025-04-27 22:00,2.2137700192639134
2025-04-27 23:00,1.1588871128635374
2025-04-28 00:00,0.5348085662224695
2025-04-28 01:00,0.3596112123577316
2025-04-28 02:00,0.17738126330365464
2025-04-28 03:00,0.51705536275186
2025-04-28 04:00,0.08210096812326027
2025-04-28 05:00,0.35343323097330925
2025-04-28 06:00,0.8928688459768179
2025-04-28 07:00,1.1157776954110321
2025-04-28 08:00,1.6239917729924163
2025-04-28 09:00,2.8042613360867654
2025-04-28 10:00,4.739287732708398
2025-04-28 11:00,11.81055672945518
2025-04-28 12:00,15.265070845866028
2025-04-28 13:00,19.035500401781807
2025-04-28 14:00,22.959036331848242
2025-04-28 15:00,29.74787474506779
2025-04-28 16:00,33.70917976926972
2025-04-28 17:00,34.788439986474394
2025-04-28 18:00,32.68879235502872
2025-04-28 19:00,28.696849621979666
2025-04-28 20:00,27.260679664496095
2025-04-28 21:00,22.12929669138472
2025-04-28 22:00,16.9343218751433
2025-04-28 23:00,11.49469158165712
2025-04-29 00:00,6.333265034912379
2025-04-29 01:00,5.3823196792530625
2025-04-29 02:00,3.9849119881585424
2025-04-29 03:00,3.0425170957903043
2025-04-29 04:00,1.211118084115898
2025-04-29 05:00,0.9502384542904032
2025-04-29 06:00,0.4493127957521467
2025-04-29 07:00,0.1184229468460108
2025-04-29 08:00,0.0052791521348328025
2025-04-29 09:00,0.08484248592320459
2025-04-29 10:00,0.09455494013750658
2025-04-29 11:00,0.0
2025-04-29 12:00,0.10848380577850646
2025-04-29 13:00,0.7116346786629718
2025-04-29 14:00,1.1475793595759056
2025-04-29 15:00,2.6241925034602676
2025-04-29 16:00,3.6217192142161294
2025-04-29 17:00,6.579464836945171
2025-04-29 18:00,10.515867260041695
2025-04-29 19:00,12.694882954754567
2025-04-29 20:00,16.489558412993535
2025-04-29 21:00,15.296149824491897
2025-04-29 22:00,16.310542368463626
2025-04-29 23:00,17.886309121154312
2025-04-30 00:00,29.900198871855583
2025-04-30 01:00,32.02613994683994
2025-04-30 02:00,31.501052843630664
2025-04-30 03:00,32.50349126107164
2025-04-30 04:00,32.26087669280452
2025-04-30 05:00,32.76736410556155
2025-04-30 06:00,40.34132476229953
2025-04-30 07:00,46.027981277868626
2025-04-30 08:00,46.01286165615253
2025-04-30 09:00,44.52279305683132
2025-04-30 10:00,42.58749407450886
2025-04-30 11:00,45.53792168651635
2025-04-30 12:00,43.98709323714662
2025-04-30 13:00,45.69812338600021
2025-04-30 14:00,46.153628168382646
2025-04-30 15:00,48.48833663493159
2025-04-30 16:00,47.78164715861181
2025-04-30 17:00,47.040861554946105
2025-04-30 18:00,44.362945802640525
2025-04-30 19:00,45.57780054184735
2025-04-30 20:00,44.62770138660366
2025-04-30 21:00,44.311673557722536
2025-04-30 22:00,46.46533796544329
2025-04-30 23:00,47.31621757875564
2025-05-01 00:00,50.90606334429776
2025-05-01 01:00,50.001389921711116
2025-05-01 02:00,51.01205078675929
2025-05-01 03:00,52.32813516034738
2025-05-01 04:00,53.68375436545941
2025-05-01 05:00,54.02413626243103
2025-05-01 06:00,53.99943892073966
2025-05-01 07:00,54.56281686231241
2025-05-01 08:00,52.89559957992095
2025-05-01 09:00,52.09339653243239
2025-05-01 10:00,48.03238523601518
2025-05-01 11:00,44.59623484175487
2025-05-01 12:00,41.79056640385708
2025-05-01 13:00,40.39832170932362
2025-05-01 14:00,38.72031338653455
2025-05-01 15:00,32.62840346802676
2025-05-01 16:00,27.72862514001706
2025-05-01 17:00,23.172457799189264
2025-05-01 18:00,19.64873085732073
2025-05-01 19:00,14.995535408180686
2025-05-01 20:00,15.774087068420883
2025-05-01 21:00,14.079763234620145
2025-05-01 22:00,9.245137002709034
2025-05-01 23:00,7.8847743943967075
2025-05-02 00:00,25.467702644473878
2025-05-02 01:00,26.70178342919425
2025-05-02 02:00,27.951604607796124
2025-05-02 03:00,25.903140932589192
2025-05-02 04:00,28.060433382496665
2025-05-02 05:00,27.76064756859112
2025-05-02 06:00,32.55760119130104
2025-05-02 07:00,27.16234024243793
2025-05-02 08:00,24.51598321074863
2025-05-02 09:00,21.976854216154052
2025-05-02 10:00,17.701265406216482
2025-05-02 11:00,16.61313970778094
2025-05-02 12:00,12.7056065843381
2025-05-02 13:00,10.888450038100578
2025-05-02 14:00,8.565134501316171
2025-05-02 15:00,7.462086745753517
2025-05-02 16:00,6.059032202332857
2025-05-02 17:00,4.75298880033468
2025-05-02 18:00,1.559279617989115
2025-05-02 19:00,0.7181769033806743
2025-05-02 20:00,0.23695217674915778
2025-05-02 21:00,0.0679712415699566
2025-05-02 22:00,0.19897539089560068
2025-05-02 23:00,0.1880604722817222
2025-05-03 00:00,1.6041928732175956
2025-05-03 01:00,3.5130297939000177
2025-05-03 02:00,3.8488303761615215
2025-05-03 03:00,5.1202390711174885
2025-05-03 04:00,11.54922313524276
2025-05-03 05:00,13.036153618228902
2025-05-03 06:00,20.324040374228215
2025-05-03 07:00,20.82075143846185
2025-05-03 08:00,22.38178711261993
2025-05-03 09:00,14.760275133594432
2025-05-03 10:00,13.143716096078316
2025-05-03 11:00,11.876529060533564
2025-05-03 12:00,11.13423799776522
2025-05-03 13:00,15.67373309502785
2025-05-03 14:00,27.569407157606815
2025-05-03 15:00,29.29710531372986
2025-05-03 16:00,37.26993180445508
2025-05-03 17:00,38.08784430586541
2025-05-03 18:00,36.48000615809048
2025-05-03 19:00,36.44189486408053
2025-05-03 20:00,28.556039989562183
2025-05-03 21:00,25.97812277596748
2025-05-03 22:00,23.25262976215822
2025-05-03 23:00,16.597278084129915
2025-05-04 00:00,5.967984206831917
2025-05-04 01:00,9.23498989927184
2025-05-04 02:00,10.759268520494642
2025-05-04 03:00,10.450152790120503
2025-05-04 04:00,8.598395880199137
2025-05-04 05:00,7.001891603871962
2025-05-04 06:00,5.240676601386647
2025-05-04 07:00,2.8506894370875835
2025-05-04 08:00,0.47561518956548543
2025-05-04 09:00,0.5628881332376633
2025-05-04 10:00,0.4394896066550202
2025-05-04 11:00,1.6386753944200214
2025-05-04 12:00,7.461740673512207
2025-05-04 13:00,8.061113022804307
2025-05-04 14:00,9.378312547795156
2025-05-04 15:00,10.470673274031206
2025-05-04 16:00,11.18034401747596
2025-05-04 17:00,8.321121865647973
2025-05-04 18:00,5.537404573582475
2025-05-04 19:00,2.206038283601388
2025-05-04 20:00,1.199324936341722
2025-05-04 21:00,0.6511323458269237
2025-05-04 22:00,0.4932774544062037
2025-05-04 23:00,0.4808673486218558
2025-05-05 00:00,0.05783599045698872
2025-05-05 01:00,0.0
2025-05-05 02:00,0.10161012976009325
2025-05-05 03:00,0.051526932805813525
2025-05-05 04:00,0.42280175770663336
2025-05-05 05:00,0.35472959899330886
2025-05-05 06:00,0.384765801601624
2025-05-05 07:00,0.49961602899361607
2025-05-05 08:00,0.8442423035782648
2025-05-05 09:00,0.9857042082267267
2025-05-05 10:00,0.33003751046155666
2025-05-05 11:00,0.7870394309201485
2025-05-05 12:00,0.46787026155956446
2025-05-05 13:00,2.4591707841446997
2025-05-05 14:00,2.5662341886090805
2025-05-05 15:00,4.122120873084673
2025-05-05 16:00,4.554425874365825
2025-05-05 17:00,5.8558554902379045
2025-05-05 18:00,6.582896179356067
2025-05-05 19:00,6.7402721709229025
2025-05-05 20:00,8.841980983678734
2025-05-05 21:00,7.004730064065156
2025-05-05 22:00,9.204230433812482
2025-05-05 23:00,10.029762859739416
2025-05-06 00:00,4.2420435377257135
2025-05-06 01:00,4.6497831496726185
2025-05-06 02:00,4.96806689735144
2025-05-06 03:00,4.853275928346059
2025-05-06 04:00,4.438281592777465
2025-05-06 05:00,4.444442204558038
2025-05-06 06:00,4.479545142613072
2025-05-06 07:00,3.88153621217771
2025-05-06 08:00,3.733719071245538
2025-05-06 09:00,2.254671700688161
2025-05-06 10:00,1.5247942221066815
2025-05-06 11:00,0.8827713852484017
2025-05-06 12:00,1.7295329725498314
2025-05-06 13:00,3.4008243255374127
2025-05-06 14:00,5.434140304218798
2025-05-06 15:00,8.881960721474437
2025-05-06 16:00,11.827803376110124
2025-05-06 17:00,11.156877948317195
2025-05-06 18:00,9.398910741225565
2025-05-06 19:00,7.583973844487111
2025-05-06 20:00,9.072455104790265
2025-05-06 21:00,7.200241260143961
2025-05-06 22:00,5.8426593910646405
2025-05-06 23:00,5.463829679212534
2025-05-07 00:00,0.23746335919896522
2025-05-07 01:00,0.23931682760773568
2025-05-07 02:00,0.6337263457137002
2025-05-07 03:00,0.4744164958307077
2025-05-07 04:00,0.6875613685652935
2025-05-07 05:00,0.2055101131465766
2025-05-07 06:00,0.17814375398375226
2025-05-07 07:00,0.00858405669897656
2025-05-07 08:00,0.0
2025-05-07 09:00,0.04662391773098068
2025-05-07 10:00,0.14972459999797744
2025-05-07 11:00,0.21203561760323222
2025-05-07 12:00,0.4862161193165373
2025-05-07 13:00,2.3881923788294426
2025-05-07 14:00,3.7401208539550823
2025-05-07 15:00,5.162874845476555
2025-05-07 16:00,4.39822756444918
2025-05-07 17:00,4.171169290244169
2025-05-07 18:00,2.5193345452848996
2025-05-07 19:00,1.801483972113596
2025-05-07 20:00,1.5152832262297646
2025-05-07 21:00,1.4816129779414953
2025-05-07 22:00,0.95353282955633
2025-05-07 23:00,0.3879574842746223
2025-05-08 00:00,0.0
2025-05-08 01:00,0.07292670176272904
2025-05-08 02:00,0.45932067026243767
2025-05-08 03:00,0.38356684195530016
2025-05-08 04:00,0.3867829584132234
2025-05-08 05:00,1.469492332398957
2025-05-08 06:00,0.427233605862295
2025-05-08 07:00,0.6702785533725897
2025-05-08 08:00,0.576608587429177
2025-05-08 09:00,0.5354444980535867
2025-05-08 10:00,1.9358166023258079
2025-05-08 11:00,2.6209004167805046
2025-05-08 12:00,3.518860989035796
2025-05-08 13:00,6.6840528503067675
2025-05-08 14:00,9.468010042103284
2025-05-08 15:00,11.491614303978531
2025-05-08 16:00,10.978574857826567
2025-05-08 17:00,10.29155561377834
2025-05-08 18:00,7.817052157905312
2025-05-08 19:00,7.099757566141114
2025-05-08 20:00,6.594020367209087
2025-05-08 21:00,5.016527543978831
2025-05-08 22:00,4.5777947742875975
2025-05-08 23:00,4.320895931901394
2025-05-09 00:00,6.025391020800218
2025-05-09 01:00,10.493457049009038
2025-05-09 02:00,12.969841523186956
2025-05-09 03:00,17.548796410906974
2025-05-09 04:00,24.874471558638827
2025-05-09 05:00,26.73592228390592
2025-05-09 06:00,31.29046606998104
2025-05-09 07:00,39.186597165475426
2025-05-09 08:00,45.26334852912513
2025-05-09 09:00,47.644905429422145
2025-05-09 10:00,49.359765476219785
2025-05-09 11:00,51.778302532406606
2025-05-09 12:00,52.19599620684077
2025-05-09 13:00,51.29981295432757
2025-05-09 14:00,52.02061614078838
2025-05-09 15:00,54.07613954760448
2025-05-09 16:00,51.858135683656506
2025-05-09 17:00,52.42167742971282
2025-05-09 18:00,54.692136031454964
2025-05-09 19:00,54.70350569590255
2025-05-09 20:00,57.37948236007233
2025-05-09 21:00,55.74576816666647
2025-05-09 22:00,54.50949880105288
2025-05-09 23:00,54.930687713424824
2025-05-10 00:00,58.69552848971863
2025-05-10 01:00,58.613631801441336
2025-05-10 02:00,56.56710894772928
2025-05-10 03:00,54.61915833218125
2025-05-10 04:00,52.50180187547752
2025-05-10 05:00,51.33907373306197
2025-05-10 06:00,51.72243943834875
2025-05-10 07:00,52.7653612387523
2025-05-10 08:00,53.257784695765785
2025-05-10 09:00,53.78742336981287
2025-05-10 10:00,53.119424227038024
2025-05-10 11:00,51.366304351657796
2025-05-10 12:00,51.00648165458761
2025-05-10 13:00,50.94855912401069
2025-05-10 14:00,50.273135876031766
2025-05-10 15:00,47.77273947191376
2025-05-10 16:00,45.35756824133205
2025-05-10 17:00,44.40474418769126
2025-05-10 18:00,43.788575809225506
2025-05-10 19:00,41.033217483839394
2025-05-10 20:00,35.13877575105489
2025-05-10 21:00,35.25457882723742
2025-05-10 22:00,33.88166496080085
2025-05-10 23:00,31.938405073564326
2025-05-11 00:00,18.901228335362315
2025-05-11 01:00,17.23397211881432
2025-05-11 02:00,15.013693121713002
2025-05-11 03:00,14.322738943564504
2025-05-11 04:00,10.82724336146522
2025-05-11 05:00,7.867112010709019
2025-05-11 06:00,6.680664036944712
2025-05-11 07:00,3.45749565387337
2025-05-11 08:00,2.7198384976160135
2025-05-11 09:00,2.821676019403037
2025-05-11 10:00,2.39192165345586
2025-05-11 11:00,3.0532287162207346
2025-05-11 12:00,5.474597347319662
2025-05-11 13:00,7.511705364948088
2025-05-11 14:00,7.955755446598478
2025-05-11 15:00,7.839047294760811
2025-05-11 16:00,6.342159173829459
2025-05-11 17:00,4.574590043784494
2025-05-11 18:00,4.667494731783506
2025-05-11 19:00,4.66912350466914
2025-05-11 20:00,5.063907310391246
2025-05-11 21:00,4.16388829835046
2025-05-11 22:00,7.290210295531273
2025-05-11 23:00,6.781321426429383
2025-05-12 00:00,6.115917684668893
2025-05-12 01:00,7.850637305871814
2025-05-12 02:00,7.936964409639202
2025-05-12 03:00,7.884675749961423
2025-05-12 04:00,6.187376592024407
2025-05-12 05:00,8.050218989179823
2025-05-12 06:00,9.106296184693207
2025-05-12 07:00,8.03844754851549
2025-05-12 08:00,9.625887722894065
2025-05-12 09:00,10.500547455982142
2025-05-12 10:00,13.106679559357007
2025-05-12 11:00,17.643449924763377
2025-05-12 12:00,19.861742730577294
2025-05-12 13:00,22.35537834058358
2025-05-12 14:00,24.980956562444963
2025-05-12 15:00,28.293071391166148
2025-05-12 16:00,34.328151384687004
2025-05-12 17:00,35.305112890780435
2025-05-12 18:00,36.73008110738204
2025-05-12 19:00,36.61684100777697
2025-05-12 20:00,36.08895098700125
2025-05-12 21:00,33.579787378506886
2025-05-12 22:00,34.74769976349305
2025-05-12 23:00,32.32736811318322
2025-05-13 00:00,28.48549254162649
2025-05-13 01:00,27.39262702221417
2025-05-13 02:00,28.086511550771274
2025-05-13 03:00,28.112855201706086
2025-05-13 04:00,27.33790519933915
2025-05-13 05:00,26.503217042901593
2025-05-13 06:00,32.44407688308922
2025-05-13 07:00,37.798501894944685
2025-05-13 08:00,38.7157695589909
2025-05-13 09:00,39.26994692743991
2025-05-13 10:00,38.24752397263862
2025-05-13 11:00,36.947168987569725
2025-05-13 12:00,34.58198531153145
2025-05-13 13:00,34.09814941983735
2025-05-13 14:00,33.57749553154127
2025-05-13 15:00,34.07116695049866
2025-05-13 16:00,33.138097397056015
2025-05-13 17:00,31.114725687620105
2025-05-13 18:00,30.795608354251673
2025-05-13 19:00,27.860977398849162
2025-05-13 20:00,22.4593690465651
2025-05-13 21:00,21.00832856342978
2025-05-13 22:00,18.157692710681438
2025-05-13 23:00,17.854770700339373
2025-05-14 00:00,16.246304424687192
2025-05-14 01:00,15.134190543969472
2025-05-14 02:00,13.645236426251023
2025-05-14 03:00,12.633110525986844
2025-05-14 04:00,10.36002093016159
2025-05-14 05:00,11.104734354926082
2025-05-14 06:00,11.464268739580207
2025-05-14 07:00,9.457267522556435
2025-05-14 08:00,13.780270206336576
2025-05-14 09:00,18.12852487924741
2025-05-14 10:00,20.54880798371144
2025-05-14 11:00,24.59454570126299
2025-05-14 12:00,28.006291548025786
2025-05-14 13:00,29.540640819591534
2025-05-14 14:00,32.79802353647639
2025-05-14 15:00,33.29111220616245
2025-05-14 16:00,32.43166873979121
2025-05-14 17:00,32.5104654089997
2025-05-14 18:00,34.1629004769996
2025-05-14 19:00,33.714789491863826
2025-05-14 20:00,33.78248351960695
2025-05-14 21:00,33.352180866650706
2025-05-14 22:00,34.101029885126174
2025-05-14 23:00,33.07200304604126
2025-05-15 00:00,37.12380801574015
2025-05-15 01:00,36.953121780304635
2025-05-15 02:00,37.190351215325734
2025-05-15 03:00,37.09863644162716
2025-05-15 04:00,36.02696899828192
2025-05-15 05:00,36.33579099947371
2025-05-15 06:00,33.72903256509526
2025-05-15 07:00,27.866796756659017
2025-05-15 08:00,26.976156425400102
2025-05-15 09:00,28.07826917289971
2025-05-15 10:00,27.81404412933445
2025-05-15 11:00,23.866429442218173
2025-05-15 12:00,23.062140596584396
2025-05-15 13:00,21.355617771493147
2025-05-15 14:00,17.348366137630038
2025-05-15 15:00,18.69865036005068
2025-05-15 16:00,17.339005503285147
2025-05-15 17:00,18.06274724596489
2025-05-15 18:00,18.19136457630179
2025-05-15 19:00,18.879353437839537
2025-05-15 20:00,19.198548500830622
2025-05-15 21:00,19.7557418382361
2025-05-15 22:00,19.802674293162806
2025-05-15 23:00,21.436232909149435
2025-05-16 00:00,16.976830160867802
2025-05-16 01:00,16.154256287752563
2025-05-16 02:00,15.74361712431398
2025-05-16 03:00,15.623408195771779
2025-05-16 04:00,16.504139862429504
2025-05-16 05:00,16.852909604376
2025-05-16 06:00,17.54304496473954
2025-05-16 07:00,17.519051402190126
2025-05-16 08:00,16.709094724700034
2025-05-16 09:00,18.07409745418126
2025-05-16 10:00,20.15104628358584
2025-05-16 11:00,18.281888361513282
2025-05-16 12:00,20.12568993306733
2025-05-16 13:00,20.305851254055124
2025-05-16 14:00,22.30003381632531
2025-05-16 15:00,28.337483770046102
2025-05-16 16:00,35.09683445777391
2025-05-16 17:00,35.324618553924665
2025-05-16 18:00,37.51328923437372
2025-05-16 19:00,39.46850315095113
2025-05-16 20:00,39.496914349345
2025-05-16 21:00,36.07899067672227
2025-05-16 22:00,36.85110099239019
2025-05-16 23:00,30.44937325664982
2025-05-17 00:00,13.660492496745663
2025-05-17 01:00,13.534987508870051
2025-05-17 02:00,13.317919063780181
2025-05-17 03:00,13.043424702286622
2025-05-17 04:00,11.006141008734232
2025-05-17 05:00,11.020571614586117
2025-05-17 06:00,9.384793733941565
2025-05-17 07:00,6.974137296542415
2025-05-17 08:00,5.998360431018956
2025-05-17 09:00,2.903564701953227
2025-05-17 10:00,2.8468916147620704
2025-05-17 11:00,1.467692373362106
2025-05-17 12:00,1.378081794083269
2025-05-17 13:00,1.8536439170925896
2025-05-17 14:00,4.947933877772056
2025-05-17 15:00,8.336179320635242
2025-05-17 16:00,9.029313827761682
2025-05-17 17:00,13.40075358135841
2025-05-17 18:00,16.500186069985162
2025-05-17 19:00,18.76966297844982
2025-05-17 20:00,20.77350025017305
2025-05-17 21:00,16.137002795447245
2025-05-17 22:00,13.735804647300112
2025-05-17 23:00,12.483445441741239
2025-05-18 00:00,13.609691777764331
2025-05-18 01:00,12.456049523067358
2025-05-18 02:00,11.755283058640083
2025-05-18 03:00,9.25119999026628
2025-05-18 04:00,9.13524706624751
2025-05-18 05:00,8.584928112814875
2025-05-18 06:00,8.99851832153958
2025-05-18 07:00,6.906215434490974
2025-05-18 08:00,5.054932832382587
2025-05-18 09:00,3.328957907945599
2025-05-18 10:00,2.463474182911256
2025-05-18 11:00,1.7727422258053345
2025-05-18 12:00,2.493499776935865
2025-05-18 13:00,2.9669820061387853
2025-05-18 14:00,2.965666269405137
2025-05-18 15:00,3.965710840307928
2025-05-18 16:00,4.240515810077178
2025-05-18 17:00,4.213065924312157
2025-05-18 18:00,2.045146116312718
2025-05-18 19:00,0.8263051327145469
2025-05-18 20:00,0.7215683129713159
2025-05-18 21:00,0.13115211709255617
2025-05-18 22:00,0.20499956409746936
2025-05-18 23:00,0.0017556510779746192
2025-05-19 00:00,0.3627236982386622
2025-05-19 01:00,0.333089220908262
2025-05-19 02:00,0.5383677800672071
2025-05-19 03:00,2.347867998469638
2025-05-19 04:00,5.067404010345068
2025-05-19 05:00,12.223639853684496
2025-05-19 06:00,27.18113588813681
2025-05-19 07:00,35.67019122141013
2025-05-19 08:00,43.739575142155026
2025-05-19 09:00,49.398335230509254
2025-05-19 10:00,51.54067469873001
2025-05-19 11:00,51.61214060317834
2025-05-19 12:00,52.85199426398887
2025-05-19 13:00,52.334683366718764
2025-05-19 14:00,49.070665301233994
2025-05-19 15:00,48.811005648733584
2025-05-19 16:00,49.564280307865864
2025-05-19 17:00,50.5692652212623
2025-05-19 18:00,49.91384002647991
2025-05-19 19:00,49.15444970468456
2025-05-19 20:00,48.66371351793327
2025-05-19 21:00,51.059193978621096
2025-05-19 22:00,49.44031515436842
2025-05-19 23:00,48.42082355287851
2025-05-20 00:00,52.11929428461354
2025-05-20 01:00,51.41937650449706
2025-05-20 02:00,51.70468270596649
2025-05-20 03:00,49.19435189396799
2025-05-20 04:00,48.59111749898452
2025-05-20 05:00,45.468674679674784
2025-05-20 06:00,41.969740242435854
2025-05-20 07:00,41.192139802853774
2025-05-20 08:00,38.278543030998655
2025-05-20 09:00,39.26187797930479
2025-05-20 10:00,39.289100709842906
2025-05-20 11:00,38.0503028635679
2025-05-20 12:00,38.93358850056273
2025-05-20 13:00,36.11532382517305
2025-05-20 14:00,36.46695382482975
2025-05-20 15:00,34.7227652962911
2025-05-20 16:00,33.42483509884615
2025-05-20 17:00,33.67119152752086
2025-05-20 18:00,31.80759272645815
2025-05-20 19:00,33.77707786172459
2025-05-20 20:00,32.6406210950125
2025-05-20 21:00,31.229560133814726
2025-05-20 22:00,29.99058254068085
2025-05-20 23:00,29.548635078369887
2025-05-21 00:00,17.72604483040266
2025-05-21 01:00,17.691575289179283
2025-05-21 02:00,19.035174302441064
2025-05-21 03:00,19.021607068928258
2025-05-21 04:00,17.707939296768956
2025-05-21 05:00,14.579024899017577
2025-05-21 06:00,14.871509349746972
2025-05-21 07:00,11.829171144118895
2025-05-21 08:00,9.051659498989329
2025-05-21 09:00,5.491239724241731
2025-05-21 10:00,3.1383192524607875
2025-05-21 11:00,2.215569869427148
2025-05-21 12:00,2.118949122414907
2025-05-21 13:00,1.2244628857887738
2025-05-21 14:00,1.3567611101192778
2025-05-21 15:00,1.2085920621652226
2025-05-21 16:00,1.2180502834455933
2025-05-21 17:00,0.7237958098696461
2025-05-21 18:00,0.40261460732618176
2025-05-21 19:00,1.4317353153409804
2025-05-21 20:00,2.0346502920644025
2025-05-21 21:00,2.345772444400113
2025-05-21 22:00,3.3707350964902276
2025-05-21 23:00,3.3856908714047784
2025-05-22 00:00,12.193679675921606
2025-05-22 01:00,13.555093092520261
2025-05-22 02:00,12.893459118978342
2025-05-22 03:00,12.548141291807626
2025-05-22 04:00,10.857282778793342
2025-05-22 05:00,9.679481401242327
2025-05-22 06:00,8.015846843842557
2025-05-22 07:00,5.014850298974699
2025-05-22 08:00,2.5039633198166196
2025-05-22 09:00,2.2751645607407798
2025-05-22 10:00,1.63804142903238
2025-05-22 11:00,2.5918445926912868
2025-05-22 12:00,2.4576515389652163
2025-05-22 13:00,3.654613544740259
2025-05-22 14:00,6.956176693614516
2025-05-22 15:00,8.112986158745818
2025-05-22 16:00,8.3299469322035
2025-05-22 17:00,4.3343760600369885
2025-05-22 18:00,2.9634791249758012
2025-05-22 19:00,1.732597906682513
2025-05-22 20:00,1.1007586345439586
2025-05-22 21:00,0.5137025794528793
2025-05-22 22:00,1.083917518207632
2025-05-22 23:00,2.205560598177891
2025-05-23 00:00,4.169226769519038
2025-05-23 01:00,5.42128227948103
2025-05-23 02:00,5.146204443689379
2025-05-23 03:00,5.135799383454046
2025-05-23 04:00,4.490848157631366
2025-05-23 05:00,2.5305172491695087
2025-05-23 06:00,2.3403175189465397
2025-05-23 07:00,2.5493755222782792
2025-05-23 08:00,2.84789854439966
2025-05-23 09:00,3.4324287470159724
2025-05-23 10:00,3.3095315891429045
2025-05-23 11:00,3.681469816293866
2025-05-23 12:00,3.891221764179259
2025-05-23 13:00,5.066523835907152
2025-05-23 14:00,3.077949339198389
2025-05-23 15:00,3.2088193728816896
2025-05-23 16:00,4.96359108757518
2025-05-23 17:00,3.1437804226524513
2025-05-23 18:00,5.1157893763263065
2025-05-23 19:00,4.258882960482237
2025-05-23 20:00,4.5393566325042665
2025-05-23 21:00,2.180043300914664
2025-05-23 22:00,1.9575153832887262
2025-05-23 23:00,1.685985626489274
2025-05-24 00:00,3.4153511601008475
2025-05-24 01:00,4.401913558993657
2025-05-24 02:00,6.575661367088503
2025-05-24 03:00,8.475675620420603
2025-05-24 04:00,9.790702298070551
2025-05-24 05:00,9.218498977346124
2025-05-24 06:00,8.07265784384384
2025-05-24 07:00,6.142623902305015
2025-05-24 08:00,4.748455316792196
2025-05-24 09:00,3.963790175064178
2025-05-24 10:00,3.19595533769424
2025-05-24 11:00,3.6761218550697143
2025-05-24 12:00,4.690118680476968
2025-05-24 13:00,5.634498003727671
2025-05-24 14:00,6.623536286693361
2025-05-24 15:00,13.216747857369297
2025-05-24 16:00,16.45207236058479
2025-05-24 17:00,22.234857305267713
2025-05-24 18:00,22.68029294760524
2025-05-24 19:00,23.269844999549637
2025-05-24 20:00,22.38978446066646
2025-05-24 21:00,17.317075394141085
2025-05-24 22:00,16.168057142188864
2025-05-24 23:00,12.925645776294198
2025-05-25 00:00,16.343591009440473
2025-05-25 01:00,16.20653542792782
2025-05-25 02:00,13.769082265191502
2025-05-25 03:00,13.7454411580822
2025-05-25 04:00,13.082966123837906
2025-05-25 05:00,12.146433365393086
2025-05-25 06:00,10.543149290456135
2025-05-25 07:00,7.147303674690448
2025-05-25 08:00,4.638447202174731
2025-05-25 09:00,3.331114877708288
2025-05-25 10:00,2.029355549581678
2025-05-25 11:00,2.21954659911264
2025-05-25 12:00,2.542652886194146
2025-05-25 13:00,3.4860990763767075
2025-05-25 14:00,3.8104185311203373
2025-05-25 15:00,3.380324243592909
2025-05-25 16:00,3.172430928419473
2025-05-25 17:00,2.5094459169675507
2025-05-25 18:00,0.9399576807024874
2025-05-25 19:00,0.8691611557590254
2025-05-25 20:00,0.4550718705665937
2025-05-25 21:00,0.048347352542972545
2025-05-25 22:00,0.34108697619222145
2025-05-25 23:00,0.6421004925255454
2025-05-26 00:00,0.7165012991510148
2025-05-26 01:00,1.211327302997809
2025-05-26 02:00,1.214122970000514
2025-05-26 03:00,0.9847163103250999
2025-05-26 04:00,1.5564125010642063
2025-05-26 05:00,1.845383795647764
2025-05-26 06:00,2.1205585629142694
2025-05-26 07:00,2.1667197177391877
2025-05-26 08:00,3.307004950916761
2025-05-26 09:00,7.250489502007032
2025-05-26 10:00,7.6579904412649995
2025-05-26 11:00,9.55248162828301
2025-05-26 12:00,16.287342686727175
2025-05-26 13:00,18.590725347360824
2025-05-26 14:00,19.88497964682273
2025-05-26 15:00,20.247834428112313
2025-05-26 16:00,18.30078044293614
2025-05-26 17:00,15.997926882421622
2025-05-26 18:00,12.45998729538754
2025-05-26 19:00,8.30893178335362
2025-05-26 20:00,7.656413074548314
2025-05-26 21:00,6.919968126852879
2025-05-26 22:00,6.156272450477167
2025-05-26 23:00,6.653536135157502
2025-05-27 00:00,0.7623623546151087
2025-05-27 01:00,0.9411958235881177
2025-05-27 02:00,0.8343959793156573
2025-05-27 03:00,1.1762586530532244
2025-05-27 04:00,1.0797546749705837
2025-05-27 05:00,0.7736289959353551
2025-05-27 06:00,1.0059552845303943
2025-05-27 07:00,0.8106628566926247
2025-05-27 08:00,0.4883905754441044
2025-05-27 09:00,1.0367496794199906
2025-05-27 10:00,1.1032989385820897
2025-05-27 11:00,2.197030000148756
2025-05-27 12:00,2.2448887104683304
2025-05-27 13:00,3.0704677819413337
2025-05-27 14:00,4.1319940509370605
2025-05-27 15:00,4.219965715334486
2025-05-27 16:00,3.194138297646782
2025-05-27 17:00,2.756342682416879
2025-05-27 18:00,1.427027640895701
2025-05-27 19:00,0.6028549930711975
2025-05-27 20:00,0.13933144790384763
2025-05-27 21:00,0.7405093569910264
2025-05-27 22:00,0.29784866279570005
2025-05-27 23:00,0.171048311848625
2025-05-28 00:00,0.0499662554169211
2025-05-28 01:00,0.1771878949069325
2025-05-28 02:00,0.22291431140867077
2025-05-28 03:00,0.0882089299184477
2025-05-28 04:00,0.17884686535946
2025-05-28 05:00,0.09888596425801734
2025-05-28 06:00,0.02881332114583556
2025-05-28 07:00,0.0
2025-05-28 08:00,0.0
2025-05-28 09:00,0.04740167003183007
2025-05-28 10:00,0.025230176085392703
2025-05-28 11:00,0.11357710510914026
2025-05-28 12:00,1.4907728872206967
2025-05-28 13:00,2.969197994274534
2025-05-28 14:00,4.41831368349622
2025-05-28 15:00,6.137723429549092
2025-05-28 16:00,5.920757039209543
2025-05-28 17:00,7.586821760793981
2025-05-28 18:00,6.217933959940749
2025-05-28 19:00,3.741443013788223
2025-05-28 20:00,3.352160307984905
2025-05-28 21:00,2.4520568466207244
2025-05-28 22:00,1.3013055257104382
2025-05-28 23:00,1.8853255357291345
2025-05-29 00:00,0.3239582413119133
2025-05-29 01:00,0.8069481407408127
2025-05-29 02:00,0.6262069235414301
2025-05-29 03:00,0.3961091587468159
2025-05-29 04:00,0.42383255903102585
2025-05-29 05:00,0.0
2025-05-29 06:00,0.03736270158388503
2025-05-29 07:00,0.0
2025-05-29 08:00,0.04130008932936973
2025-05-29 09:00,0.06642166607201327
2025-05-29 10:00,0.3954477150343641
2025-05-29 11:00,1.3815669492484337
2025-05-29 12:00,4.774770918575018
2025-05-29 13:00,6.941881636266544
2025-05-29 14:00,8.61745813924036
2025-05-29 15:00,11.541270871968337
2025-05-29 16:00,12.843277314988319
2025-05-29 17:00,13.398481253854001
2025-05-29 18:00,7.839475596646108
2025-05-29 19:00,4.885356711695615
2025-05-29 20:00,2.231000638620635
2025-05-29 21:00,0.27145860514539005
2025-05-29 22:00,0.253048613443459
2025-05-29 23:00,0.31109018468390653
2025-05-30 00:00,1.803124253678509
2025-05-30 01:00,1.870789394869553
2025-05-30 02:00,1.421481977342969
2025-05-30 03:00,1.231468456979923
2025-05-30 04:00,0.2547333784237444
2025-05-30 05:00,0.157818262679334
2025-05-30 06:00,0.8534431286172649
2025-05-30 07:00,0.17610252060943452
2025-05-30 08:00,0.13586070880769704
2025-05-30 09:00,0.025344599557006523
2025-05-30 10:00,0.4434388784140417
2025-05-30 11:00,1.9904862140541233
2025-05-30 12:00,4.265790747340671
2025-05-30 13:00,5.810799505973786
2025-05-30 14:00,7.793561832119951
2025-05-30 15:00,8.918518527879124
2025-05-30 16:00,9.019160172658154
2025-05-30 17:00,9.1818231043148
2025-05-30 18:00,5.947011890442664
2025-05-30 19:00,3.6244579337787486
2025-05-30 20:00,2.4657415138506207
2025-05-30 21:00,1.140835823741301
2025-05-30 22:00,0.6198694560438959
2025-05-30 23:00,0.49991751251073496
2025-05-31 00:00,0.8235390978945644
2025-05-31 01:00,0.7660990838975282
2025-05-31 02:00,0.5569536027205547
2025-05-31 03:00,0.4334290802829131
2025-05-31 04:00,0.2279209669245317
2025-05-31 05:00,0.11497050685197198
2025-05-31 06:00,0.23534601646409006
2025-05-31 07:00,0.37971849671317853
2025-05-31 08:00,0.2169127810627678
2025-05-31 09:00,0.34946153595780727
2025-05-31 10:00,0.13048627572354327
2025-05-31 11:00,0.12025204478144709
2025-05-31 12:00,0.8217513556061622
2025-05-31 13:00,2.191435013267487
2025-05-31 14:00,2.902922077634125
2025-05-31 15:00,3.350019019867671
2025-05-31 16:00,2.4587105285239286
2025-05-31 17:00,1.6813475029278864
2025-05-31 18:00,0.8118817727702107
2025-05-31 19:00,0.0
2025-05-31 20:00,0.09335429987192827
2025-05-31 21:00,0.019404768482618438
2025-05-31 22:00,0.3879651588432383
2025-05-31 23:00,0.38792601923155773
2025-06-01 00:00,0.18212485984238877
2025-06-01 01:00,0.09688190745246737
2025-06-01 02:00,0.2298131281238531
2025-06-01 03:00,0.27267245642474425
2025-06-01 04:00,0.04771210641278704
2025-06-01 05:00,0.0
2025-06-01 06:00,0.07024659114069932
2025-06-01 07:00,0.0
2025-06-01 08:00,0.0315176021403593
2025-06-01 09:00,0.2515832966588841
2025-06-01 10:00,0.0357715812980138
2025-06-01 11:00,0.11530220063934406
2025-06-01 12:00,0.6745458232751153
2025-06-01 13:00,1.1831839087456466
2025-06-01 14:00,1.8189489691312835
2025-06-01 15:00,2.6496855175908247
2025-06-01 16:00,1.5849541651737706
2025-06-01 17:00,0.848040037219045
2025-06-01 18:00,0.5041095912070441
2025-06-01 19:00,0.48935575871374387
2025-06-01 20:00,0.22034994733172966
2025-06-01 21:00,0.24319696889255052
2025-06-01 22:00,0.434679195006993
2025-06-01 23:00,0.19381836272154937
2025-06-02 00:00,0.24480225281829956
2025-06-02 01:00,0.1481989305286779
2025-06-02 02:00,0.1643965985652811
2025-06-02 03:00,0.2281943395253856
2025-06-02 04:00,0.1835132084272306
2025-06-02 05:00,0.19098709342004053
2025-06-02 06:00,0.054928580840011204
2025-06-02 07:00,0.5071130540593934
2025-06-02 08:00,2.450483796121396
2025-06-02 09:00,2.6382278046821654
2025-06-02 10:00,3.2731627437750213
2025-06-02 11:00,2.399137167043253
2025-06-02 12:00,2.160499092442963
2025-06-02 13:00,1.624632718197832
2025-06-02 14:00,3.3160536775404545
2025-06-02 15:00,4.340737111902826
2025-06-02 16:00,5.174162978259559
2025-06-02 17:00,8.481817176692662
2025-06-02 18:00,8.46486265230205
2025-06-02 19:00,10.671636463564946
2025-06-02 20:00,9.964059970459793
2025-06-02 21:00,10.411784890684958
2025-06-02 22:00,9.377038205576579
2025-06-02 23:00,10.22144009070798
2025-06-03 00:00,5.199021555787971
2025-06-03 01:00,6.258776748052136
2025-06-03 02:00,5.944822591118194
2025-06-03 03:00,6.855640666991474
2025-06-03 04:00,8.364473023848833
2025-06-03 05:00,8.811979494047316
2025-06-03 06:00,10.871118502861046
2025-06-03 07:00,7.996269232939622
2025-06-03 08:00,6.431092507178864
2025-06-03 09:00,7.404563400577552
2025-06-03 10:00,4.635278892633024
2025-06-03 11:00,8.635471664960258
2025-06-03 12:00,11.135715543729768
2025-06-03 13:00,11.652784206392141
2025-06-03 14:00,14.513532950009653
2025-06-03 15:00,19.509561432287047
2025-06-03 16:00,17.263029413360368
2025-06-03 17:00,13.94415778745969
2025-06-03 18:00,11.369794592424915
2025-06-03 19:00,11.241415588853316
2025-06-03 20:00,10.87764392820135
2025-06-03 21:00,7.7817548611568705
2025-06-03 22:00,8.99199902228945
2025-06-03 23:00,9.919823170933666
2025-06-04 00:00,13.368823950105424
2025-06-04 01:00,14.915884434325479
2025-06-04 02:00,16.40237326458235
2025-06-04 03:00,17.191366334569448
2025-06-04 04:00,19.014343608734027
2025-06-04 05:00,19.300459351969582
2025-06-04 06:00,19.594500405896827
2025-06-04 07:00,18.013933068143068
2025-06-04 08:00,13.66024977160878
2025-06-04 09:00,14.013644381323331
2025-06-04 10:00,13.21813998040203
2025-06-04 11:00,12.107781620350167
2025-06-04 12:00,11.965569833219433
2025-06-04 13:00,13.404438268480797
2025-06-04 14:00,14.381364588140181
2025-06-04 15:00,14.88308593678532
2025-06-04 16:00,11.879309538715196
2025-06-04 17:00,11.608120625256916
2025-06-04 18:00,9.35809437466351
2025-06-04 19:00,8.604465154777698
2025-06-04 20:00,9.073421711605075
2025-06-04 21:00,6.707865336144724
2025-06-04 22:00,5.789354455008979
2025-06-04 23:00,5.528292694487443
2025-06-05 00:00,1.0206202880651614
2025-06-05 01:00,1.208617284261728
2025-06-05 02:00,1.1448029078997528
2025-06-05 03:00,0.9570909586216866
2025-06-05 04:00,1.1035358150705976
2025-06-05 05:00,0.9027843321085575
2025-06-05 06:00,1.258906093196023
2025-06-05 07:00,0.4627944708638349
2025-06-05 08:00,0.12180828846279712
2025-06-05 09:00,0.4202913244298327
2025-06-05 10:00,0.5798374192380283
2025-06-05 11:00,1.4537858168002211
2025-06-05 12:00,3.4931373365193674
2025-06-05 13:00,4.893162165593097
2025-06-05 14:00,5.624276002452606
2025-06-05 15:00,10.793813151268152
2025-06-05 16:00,11.52810834748071
2025-06-05 17:00,14.480983140058768
2025-06-05 18:00,17.15886399859122
2025-06-05 19:00,15.58136647530813
2025-06-05 20:00,20.303325909622817
2025-06-05 21:00,19.353159926351015
2025-06-05 22:00,20.614259577594424
2025-06-05 23:00,19.290292905879678
2025-06-06 00:00,21.294824428289576
2025-06-06 01:00,19.718234769507507
2025-06-06 02:00,21.662993714789923
2025-06-06 03:00,21.86149418665981
2025-06-06 04:00,22.464941402621502
2025-06-06 05:00,20.44801490644388
2025-06-06 06:00,22.563562038268667
2025-06-06 07:00,21.79461148483092
2025-06-06 08:00,22.928565684557668
2025-06-06 09:00,20.570898632646863
2025-06-06 10:00,17.08236423641003
2025-06-06 11:00,17.791589889640743
2025-06-06 12:00,16.98749554993694
2025-06-06 13:00,14.53820413942969
2025-06-06 14:00,11.559605346049148
2025-06-06 15:00,12.605275527210798
2025-06-06 16:00,11.161648898380806
2025-06-06 17:00,10.766566394976232
2025-06-06 18:00,8.833742008165988
2025-06-06 19:00,6.576776822948271
2025-06-06 20:00,6.778289416231236
2025-06-06 21:00,6.519091432034444
2025-06-06 22:00,6.9764632139031875
2025-06-06 23:00,6.899924453542056
2025-06-07 00:00,14.95675279241899
2025-06-07 01:00,15.851275718404068
2025-06-07 02:00,13.92793066736318
2025-06-07 03:00,13.996274035586064
2025-06-07 04:00,10.838756848553947
2025-06-07 05:00,10.20305663334908
2025-06-07 06:00,11.927189941479577
2025-06-07 07:00,13.547077977336974
2025-06-07 08:00,13.91705564021207
2025-06-07 09:00,15.868306700956479
2025-06-07 10:00,16.10129961159511
2025-06-07 11:00,18.591554126817098
2025-06-07 12:00,18.42570992470542
2025-06-07 13:00,18.227530905867074
2025-06-07 14:00,16.75386965428064
2025-06-07 15:00,14.536403308561274
2025-06-07 16:00,11.001048521438763
2025-06-07 17:00,8.359331637680137
2025-06-07 18:00,6.996374664013391
2025-06-07 19:00,3.2294015906157085
2025-06-07 20:00,2.992393181153848
2025-06-07 21:00,2.00836472967444
2025-06-07 22:00,1.7903013435817927
2025-06-07 23:00,0.7089981327203086
2025-06-08 00:00,0.06840562907366028
2025-06-08 01:00,0.09944695235899324
2025-06-08 02:00,0.1692291774705111
2025-06-08 03:00,0.1530038284603417
2025-06-08 04:00,0.25112853565026605
2025-06-08 05:00,0.20810821739977783
2025-06-08 06:00,0.4264742720250323
2025-06-08 07:00,0.3523688132703165
2025-06-08 08:00,0.16864916182328785
2025-06-08 09:00,0.12003697919512217
2025-06-08 10:00,0.12125250218268994
2025-06-08 11:00,0.6182967594963155
2025-06-08 12:00,0.749582635837434
2025-06-08 13:00,0.6652432876261387
2025-06-08 14:00,2.373791031850302
2025-06-08 15:00,3.1078300718663066
2025-06-08 16:00,4.240381251873884
2025-06-08 17:00,4.9328302405482285
2025-06-08 18:00,3.924974130232305
2025-06-08 19:00,2.0052443099047665
2025-06-08 20:00,1.0014562322164096
2025-06-08 21:00,0.6579504639619632
2025-06-08 22:00,0.2921055144886621
2025-06-08 23:00,0.3617783521871236
2025-06-09 00:00,0.2128396256069611
2025-06-09 01:00,0.18436056599310524
2025-06-09 02:00,0.1653743613264845
2025-06-09 03:00,0.1457041242997822
2025-06-09 04:00,0.7577187025797167
2025-06-09 05:00,1.768423345600396
2025-06-09 06:00,2.953408272333356
2025-06-09 07:00,3.22758878728339
2025-06-09 08:00,1.7697794263640823
2025-06-09 09:00,1.1654788405963628
2025-06-09 10:00,0.5706456266562097
2025-06-09 11:00,0.7552979152114685
2025-06-09 12:00,0.2642810568320733
2025-06-09 13:00,1.0582817847068675
2025-06-09 14:00,1.3054124854183107
2025-06-09 15:00,3.9855277271436567
2025-06-09 16:00,3.3314495134604747
2025-06-09 17:00,2.2071965289191815
2025-06-09 18:00,1.2778490237208622
2025-06-09 19:00,0.6153862866312906
2025-06-09 20:00,0.9019503383068798
2025-06-09 21:00,0.2877382543084121
2025-06-09 22:00,0.16092487269337077
2025-06-09 23:00,0.32295812544197816
2025-06-10 00:00,0.4374692679596972
2025-06-10 01:00,1.817926011758093
2025-06-10 02:00,4.278231461435239
2025-06-10 03:00,7.1939326737538485
2025-06-10 04:00,10.656845605678004
2025-06-10 05:00,11.149653361620816
2025-06-10 06:00,6.581362464345328
2025-06-10 07:00,2.971067847111863
2025-06-10 08:00,0.7610683760671648
2025-06-10 09:00,0.05419185571356696
2025-06-10 10:00,0.5332908290208032
2025-06-10 11:00,1.0422635521889807
2025-06-10 12:00,2.95327814179481
2025-06-10 13:00,3.391714188177051
2025-06-10 14:00,2.854817373376118
2025-06-10 15:00,4.268315028733745
2025-06-10 16:00,2.759934936124136
2025-06-10 17:00,1.9867755805573521
2025-06-10 18:00,2.0544785706473365
2025-06-10 19:00,1.886436128997201
2025-06-10 20:00,2.650993643174551
2025-06-10 21:00,2.321579973783409
2025-06-10 22:00,2.7050593691525986
2025-06-10 23:00,3.1716142808206946
2025-06-11 00:00,3.574100591231662
2025-06-11 01:00,3.7657824974746
2025-06-11 02:00,2.91841034293401
2025-06-11 03:00,3.51342743582709
2025-06-11 04:00,3.4269813457840907
2025-06-11 05:00,3.2807878388753093
2025-06-11 06:00,3.1243693779606025
2025-06-11 07:00,1.8686037853711184
2025-06-11 08:00,2.295377831713958
2025-06-11 09:00,2.933080521853133
2025-06-11 10:00,1.8328769785368586
2025-06-11 11:00,4.153169161569977
2025-06-11 12:00,5.253692245777745
2025-06-11 13:00,5.996501142237637
2025-06-11 14:00,10.032796228868154
2025-06-11 15:00,9.965657587610433
2025-06-11 16:00,10.594275589566713
2025-06-11 17:00,8.839715577677909
2025-06-11 18:00,10.26674885221825
2025-06-11 19:00,9.316844153780925
2025-06-11 20:00,7.305226677556955
2025-06-11 21:00,5.379154746499926
2025-06-11 22:00,3.692127562939124
2025-06-11 23:00,3.20606513811059
2025-06-12 00:00,0.9505388333880113
2025-06-12 01:00,0.3116951417373775
2025-06-12 02:00,0.016710807575049925
2025-06-12 03:00,0.466807925114453
2025-06-12 04:00,0.37219979262370734
2025-06-12 05:00,0.09796274460468384
2025-06-12 06:00,0.48286252841225724
2025-06-12 07:00,0.21305156118477905
2025-06-12 08:00,0.28864809311772904
2025-06-12 09:00,0.042778704671492446
2025-06-12 10:00,0.11052200032838393
2025-06-12 11:00,0.22505138265728794
2025-06-12 12:00,0.4809081398176928
2025-06-12 13:00,0.3657065113699581
2025-06-12 14:00,1.0673100770339354
2025-06-12 15:00,2.279220423540459
2025-06-12 16:00,2.6415020384377748
2025-06-12 17:00,2.286304358615252
2025-06-12 18:00,2.5225774477864777
2025-06-12 19:00,3.1074386211273755
2025-06-12 20:00,2.012840252050452
2025-06-12 21:00,1.2579398863909794
2025-06-12 22:00,0.7479451117513122
2025-06-12 23:00,0.814190424410924
2025-06-13 00:00,0.01754611424613083
2025-06-13 01:00,0.23981855179489356
2025-06-13 02:00,0.22379949459667334
2025-06-13 03:00,0.5764193741101528
2025-06-13 04:00,0.4119775822404638
2025-06-13 05:00,1.1816862144745979
2025-06-13 06:00,1.1462869931027706
2025-06-13 07:00,1.4025378916148767
2025-06-13 08:00,1.6567817419047877
2025-06-13 09:00,2.1511413836116087
2025-06-13 10:00,1.9885657977657913
2025-06-13 11:00,2.909764536295222
2025-06-13 12:00,3.7927191634997612
2025-06-13 13:00,6.197398005319964
2025-06-13 14:00,6.198458871947776
2025-06-13 15:00,6.536440465814688
2025-06-13 16:00,8.018470959396224
2025-06-13 17:00,8.573791297856177
2025-06-13 18:00,8.66712017407701
2025-06-13 19:00,8.584395357790152
2025-06-13 20:00,11.830394435248822
2025-06-13 21:00,12.134491212780885
2025-06-13 22:00,13.881784448744298
2025-06-13 23:00,15.664359732865547
2025-06-14 00:00,38.314110381282376
2025-06-14 01:00,38.853383566456124
2025-06-14 02:00,37.05676225509121
2025-06-14 03:00,38.35115591438
2025-06-14 04:00,36.4538016233077
2025-06-14 05:00,34.70620358362782
2025-06-14 06:00,32.63442614949056
2025-06-14 07:00,28.463502328604292
2025-06-14 08:00,25.128708583807764
2025-06-14 09:00,19.39456613112867
2025-06-14 10:00,21.026780032060042
2025-06-14 11:00,16.25429749164231
2025-06-14 12:00,17.07212087659305
2025-06-14 13:00,22.552644363129076
2025-06-14 14:00,18.65826273116563
2025-06-14 15:00,20.080158241903874
2025-06-14 16:00,18.477144309850598
2025-06-14 17:00,16.851552922781224
2025-06-14 18:00,10.843585504624363
2025-06-14 19:00,7.287401970457722
2025-06-14 20:00,3.485274199551806
2025-06-14 21:00,2.146783745619542
2025-06-14 22:00,1.4655369361461463
2025-06-14 23:00,0.6850673325416569
2025-06-15 00:00,1.232500857982069
2025-06-15 01:00,1.3585687960926247
2025-06-15 02:00,0.7039904798454134
2025-06-15 03:00,1.1813923632551304
2025-06-15 04:00,2.3869216102683466
2025-06-15 05:00,3.842093126214319
2025-06-15 06:00,4.097942022621885
2025-06-15 07:00,5.1420874515993065
2025-06-15 08:00,6.0066495485004365
2025-06-15 09:00,11.065447736218696
2025-06-15 10:00,13.17366843335632
2025-06-15 11:00,17.179941089356813
2025-06-15 12:00,19.7628487084515
2025-06-15 13:00,23.92198378481258
2025-06-15 14:00,27.806749506042184
2025-06-15 15:00,33.696031835149334
2025-06-15 16:00,35.66809606739381
2025-06-15 17:00,36.5190378067434
2025-06-15 18:00,38.56932696066479
2025-06-15 19:00,41.20321065028528
2025-06-15 20:00,41.21822933631208
2025-06-15 21:00,44.30105103696843
2025-06-15 22:00,43.104686737205036
2025-06-15 23:00,42.780643349536014
2025-06-16 00:00,41.17927350962166
2025-06-16 01:00,41.86310851051221
2025-06-16 02:00,42.51361769371294
2025-06-16 03:00,41.86245309103412
2025-06-16 04:00,41.646008069124726
2025-06-16 05:00,43.42995490413841
2025-06-16 06:00,40.80883363516336
2025-06-16 07:00,38.2998986473363
2025-06-16 08:00,35.66316471694299
2025-06-16 09:00,36.43879609204753
2025-06-16 10:00,40.773171716196885
2025-06-16 11:00,44.53083192268148
2025-06-16 12:00,47.125557942445745
2025-06-16 13:00,47.83473462174366
2025-06-16 14:00,44.174182727352324
2025-06-16 15:00,48.21182763219844
2025-06-16 16:00,48.023828311557395
2025-06-16 17:00,48.413823177743616
2025-06-16 18:00,48.16160962184637
2025-06-16 19:00,47.440737281680015
2025-06-16 20:00,44.49178695032759
2025-06-16 21:00,42.69986778010058
2025-06-16 22:00,43.00400918529536
2025-06-16 23:00,42.510918603773085
2025-06-17 00:00,41.836116100650266
2025-06-17 01:00,43.3106671229406
2025-06-17 02:00,47.68997075989535
2025-06-17 03:00,46.17721972381187
2025-06-17 04:00,47.65683534760154
2025-06-17 05:00,45.79358914095868
2025-06-17 06:00,46.096255346451606
2025-06-17 07:00,44.5589895591825
2025-06-17 08:00,45.65423116447774
2025-06-17 09:00,44.40532828191429
2025-06-17 10:00,41.76011748629856
2025-06-17 11:00,42.86964786648243
2025-06-17 12:00,37.95697065581225
2025-06-17 13:00,35.130627240117974
2025-06-17 14:00,33.80116965525165
2025-06-17 15:00,34.79808730807044
2025-06-17 16:00,31.342244363113036
2025-06-17 17:00,30.527871085273897
2025-06-17 18:00,26.03233068948549
2025-06-17 19:00,24.779154841957904
2025-06-17 20:00,21.363819631786225
2025-06-17 21:00,20.846160784556385
2025-06-17 22:00,17.471493661315446
2025-06-17 23:00,14.678116116527661
2025-06-18 00:00,18.802918423098717
2025-06-18 01:00,16.580587119935444
2025-06-18 02:00,13.881770342607012
2025-06-18 03:00,10.521918793151228
2025-06-18 04:00,6.4968489637719005
2025-06-18 05:00,3.6975580697818415
2025-06-18 06:00,1.6345717424351258
2025-06-18 07:00,0.7011392734562588
2025-06-18 08:00,0.4875373371645466
2025-06-18 09:00,0.2307126060228738
2025-06-18 10:00,0.05211696110257973
2025-06-18 11:00,0.36036341336038963
2025-06-18 12:00,0.41952356429783216
2025-06-18 13:00,0.305144279307372
2025-06-18 14:00,1.1946206594882596
2025-06-18 15:00,2.668898823570793
2025-06-18 16:00,3.1743606432134577
2025-06-18 17:00,2.764188523830578
2025-06-18 18:00,2.3222601991589835
2025-06-18 19:00,3.1206880866369056
2025-06-18 20:00,3.684363515341919
2025-06-18 21:00,3.3188796443263526
2025-06-18 22:00,3.604954517902905
2025-06-18 23:00,3.846810394797694
2025-06-19 00:00,4.274008876275496
2025-06-19 01:00,5.323943175187485
2025-06-19 02:00,6.40820916258048
2025-06-19 03:00,4.226559364792524
2025-06-19 04:00,5.919916160989199
2025-06-19 05:00,5.1280436064902615
2025-06-19 06:00,4.8487128233520345
2025-06-19 07:00,4.5665156540289145
2025-06-19 08:00,4.718149560054893
2025-06-19 09:00,4.374120067185429
2025-06-19 10:00,2.731216751210411
2025-06-19 11:00,6.6245910477231975
2025-06-19 12:00,7.008900182905997
2025-06-19 13:00,10.535228250093693
2025-06-19 14:00,12.582890017320691
2025-06-19 15:00,11.598182616625484
2025-06-19 16:00,14.578209556057274
2025-06-19 17:00,17.068764329030703
2025-06-19 18:00,20.27420013616388
2025-06-19 19:00,21.60623625212043
2025-06-19 20:00,24.045418981594697
2025-06-19 21:00,23.98559529951962
2025-06-19 22:00,26.096734593359695
2025-06-19 23:00,29.116502898530815
2025-06-20 00:00,42.41152199155979
2025-06-20 01:00,41.87548616006426
2025-06-20 02:00,43.66910785234786
2025-06-20 03:00,42.472082632714425
2025-06-20 04:00,44.23340387443219
2025-06-20 05:00,46.258665642404274
2025-06-20 06:00,48.28533571595029
2025-06-20 07:00,47.615549967260655
2025-06-20 08:00,46.88906821563062
2025-06-20 09:00,48.73888902311442
2025-06-20 10:00,46.99132287770656
2025-06-20 11:00,47.245462047178556
2025-06-20 12:00,46.955007567543866
2025-06-20 13:00,49.48807099386611
2025-06-20 14:00,50.33196872214901
2025-06-20 15:00,49.29707550162245
2025-06-20 16:00,47.58611324265024
2025-06-20 17:00,48.36360085123809
2025-06-20 18:00,49.214082852638846
2025-06-20 19:00,49.80660962167587
2025-06-20 20:00,50.193411167964825
2025-06-20 21:00,50.217511706362195
2025-06-20 22:00,50.09773203195937
2025-06-20 23:00,51.89934485547544
2025-06-21 00:00,45.618436238175356
2025-06-21 01:00,45.975006892249034
2025-06-21 02:00,43.01175237539571
2025-06-21 03:00,42.77039900589424
2025-06-21 04:00,40.17872480774684
2025-06-21 05:00,33.420366720745086
2025-06-21 06:00,30.632552387861736
2025-06-21 07:00,28.573372835251963
2025-06-21 08:00,27.52103093515477
2025-06-21 09:00,28.932603095325096
2025-06-21 10:00,28.8734749289997
2025-06-21 11:00,29.27458192863975
2025-06-21 12:00,35.27231776358057
2025-06-21 13:00,34.78679927864628
2025-06-21 14:00,34.21289712727969
2025-06-21 15:00,34.94289449964939
2025-06-21 16:00,30.703276725129797
2025-06-21 17:00,21.53710091943218
2025-06-21 18:00,16.979419690491326
2025-06-21 19:00,14.19617718176116
2025-06-21 20:00,9.682519131226236
2025-06-21 21:00,5.120635556381046
2025-06-21 22:00,3.6430903770697385
2025-06-21 23:00,2.6202726030764145
2025-06-22 00:00,0.17303087237052542
2025-06-22 01:00,0.08410736262453004
2025-06-22 02:00,0.3131484894757315
2025-06-22 03:00,0.5438212168201043
2025-06-22 04:00,0.5640700720829709
2025-06-22 05:00,0.9878732669578018
2025-06-22 06:00,1.3619626199502592
2025-06-22 07:00,0.9886457943580478
2025-06-22 08:00,0.6115654891326906
2025-06-22 09:00,0.33662900995692563
2025-06-22 10:00,0.08203576921470891
2025-06-22 11:00,0.3093557985814757
2025-06-22 12:00,1.0835117600381123
2025-06-22 13:00,1.473507414251725
2025-06-22 14:00,1.7420000958337767
2025-06-22 15:00,2.8434484761161904
2025-06-22 16:00,2.5667572294478975
2025-06-22 17:00,2.5529029779158265
2025-06-22 18:00,1.5650438268600328
2025-06-22 19:00,0.7539724769227809
2025-06-22 20:00,0.39533521595294907
2025-06-22 21:00,0.39032290442888967
2025-06-22 22:00,0.17957484594634185
2025-06-22 23:00,0.087459792763605
2025-06-23 00:00,0.11448782558791015
2025-06-23 01:00,0.12359299053307748
2025-06-23 02:00,0.31272051152114466
2025-06-23 03:00,0.28658102178063133
2025-06-23 04:00,0.39129380784168627
2025-06-23 05:00,0.5233406056953354
2025-06-23 06:00,0.9966840235756017
2025-06-23 07:00,1.2146752802827119
2025-06-23 08:00,0.9348165108098594
2025-06-23 09:00,0.578761669047099
2025-06-23 10:00,1.066594314281801
2025-06-23 11:00,2.046931631903467
2025-06-23 12:00,3.060997301951639
2025-06-23 13:00,2.022801446421885
2025-06-23 14:00,2.6497794005591615
2025-06-23 15:00,2.73923446221457
2025-06-23 16:00,3.8653005589003873
2025-06-23 17:00,5.664446457546082
2025-06-23 18:00,4.074589123791978
2025-06-23 19:00,2.3783598435587714
2025-06-23 20:00,1.8492498726829298
2025-06-23 21:00,1.3387722630952048
2025-06-23 22:00,1.0047001295484994
2025-06-23 23:00,0.27926000032300846
2025-06-24 00:00,2.2143837665061237
2025-06-24 01:00,1.6658442405057066
2025-06-24 02:00,2.921469038594907
2025-06-24 03:00,2.169124127638532
2025-06-24 04:00,1.7782228362425074
2025-06-24 05:00,1.5511857659136206
2025-06-24 06:00,1.0470686494674042
2025-06-24 07:00,0.7059558768317128
2025-06-24 08:00,1.2629160586529895
2025-06-24 09:00,1.7922328014017481
2025-06-24 10:00,1.3368163379224247
2025-06-24 11:00,1.260375708131143
2025-06-24 12:00,0.8642453087985854
2025-06-24 13:00,0.8012018379629877
2025-06-24 14:00,0.6720209191268993
2025-06-24 15:00,0.883927496336199
2025-06-24 16:00,0.7782043218625838
2025-06-24 17:00,0.30739805648238755
2025-06-24 18:00,0.05672745653900527
2025-06-24 19:00,0.5211071566031505
2025-06-24 20:00,0.3717425788752489
2025-06-24 21:00,0.09558385124327318
2025-06-24 22:00,0.3635150969933903
2025-06-24 23:00,0.1582952150735983
2025-06-25 00:00,0.8858560785174044
2025-06-25 01:00,0.49808031954428983
2025-06-25 02:00,0.7606326895336611
2025-06-25 03:00,0.9466577137277675
2025-06-25 04:00,1.1908131796937074
2025-06-25 05:00,1.5704781971684936
2025-06-25 06:00,1.5389258837638566
2025-06-25 07:00,2.9936767482886757
2025-06-25 08:00,4.746020264638886
2025-06-25 09:00,6.321024994942316
2025-06-25 10:00,5.163424917648951
2025-06-25 11:00,6.318212887911035
2025-06-25 12:00,6.8964969377923575
2025-06-25 13:00,10.682776527520842
2025-06-25 14:00,13.005861572277583
2025-06-25 15:00,16.782396556032523
2025-06-25 16:00,18.479311226602526
2025-06-25 17:00,17.831058464563792
2025-06-25 18:00,17.914030471073577
2025-06-25 19:00,18.351364189000314
2025-06-25 20:00,16.555327747754575
2025-06-25 21:00,16.14138381047574
2025-06-25 22:00,16.53905641074221
2025-06-25 23:00,15.429882258345271
2025-06-26 00:00,6.311002154444085
2025-06-26 01:00,6.477029989227507
2025-06-26 02:00,3.9360140055767787
2025-06-26 03:00,3.616109084499225
2025-06-26 04:00,3.2932982630000733
2025-06-26 05:00,1.822284167966967
2025-06-26 06:00,1.3359801473280035
2025-06-26 07:00,1.7255021566101043
2025-06-26 08:00,0.9451298954080324
2025-06-26 09:00,0.7078450695748146
2025-06-26 10:00,0.2168871230253612
2025-06-26 11:00,0.23537619489505632
2025-06-26 12:00,0.3410466347152872
2025-06-26 13:00,0.793767107252295
2025-06-26 14:00,1.4996516569107836
2025-06-26 15:00,1.1945317084965896
2025-06-26 16:00,1.2943831091463855
2025-06-26 17:00,1.1814380392673633
2025-06-26 18:00,1.187469413424154
2025-06-26 19:00,0.2235603304761601
2025-06-26 20:00,0.20750648228670818
2025-06-26 21:00,0.22654203789398067
2025-06-26 22:00,0.2889132041898071
2025-06-26 23:00,0.6932026256121048
2025-06-27 00:00,0.878777190123477
2025-06-27 01:00,0.4494341897419629
2025-06-27 02:00,0.41330598910428734
2025-06-27 03:00,0.44328654014944946
2025-06-27 04:00,0.45649670318070174
2025-06-27 05:00,0.2230583058268525
2025-06-27 06:00,0.4621147356565989
2025-06-27 07:00,0.4078188967762085
2025-06-27 08:00,0.45169747608195693
2025-06-27 09:00,0.7180387588067733
2025-06-27 10:00,1.0902150996634599
2025-06-27 11:00,1.1119978481801598
2025-06-27 12:00,1.4329903355708442
2025-06-27 13:00,1.028136739923265
2025-06-27 14:00,0.9062564825505248
2025-06-27 15:00,2.173486897041293
2025-06-27 16:00,2.5164434113969505
2025-06-27 17:00,2.978459180168555
2025-06-27 18:00,4.409700257269208
2025-06-27 19:00,5.9766175895081695
2025-06-27 20:00,7.361610240553003
2025-06-27 21:00,8.317450407820708
2025-06-27 22:00,7.266845693067634
2025-06-27 23:00,7.958131241215459
2025-06-28 00:00,10.604070355477127
2025-06-28 01:00,9.082004201994096
2025-06-28 02:00,6.786081097109343
2025-06-28 03:00,5.443278712784281
2025-06-28 04:00,5.303441359001614
2025-06-28 05:00,4.843281585693638
2025-06-28 06:00,4.576092397859011
2025-06-28 07:00,4.702968385146322
2025-06-28 08:00,4.26964478945471
2025-06-28 09:00,5.998567501059402
2025-06-28 10:00,6.768408959881309
2025-06-28 11:00,8.442908431481703
2025-06-28 12:00,8.372178444924275
2025-06-28 13:00,8.547117440603223
2025-06-28 14:00,9.16424354083543
2025-06-28 15:00,10.764836795323149
2025-06-28 16:00,11.75559634793315
2025-06-28 17:00,11.749751432028106
2025-06-28 18:00,13.325339473829018
2025-06-28 19:00,14.325556474362786
2025-06-28 20:00,12.639456964674599
2025-06-28 21:00,9.44946512730355
2025-06-28 22:00,9.843900827379006
2025-06-28 23:00,9.954423919318183
2025-06-29 00:00,11.905555620469903
2025-06-29 01:00,9.934962373602367
2025-06-29 02:00,7.690518793802163
2025-06-29 03:00,5.431904666360193
2025-06-29 04:00,4.126127087663804
2025-06-29 05:00,3.4091807810382213
2025-06-29 06:00,3.1910940744643423
2025-06-29 07:00,3.4832140950354735
2025-06-29 08:00,2.9201724531511055
2025-06-29 09:00,5.463767848531133
2025-06-29 10:00,7.139251854480378
2025-06-29 11:00,10.112016355459863
2025-06-29 12:00,11.372959585513003
2025-06-29 13:00,16.30367935919449
2025-06-29 14:00,18.064562224070507
2025-06-29 15:00,21.2965003085356
2025-06-29 16:00,20.75644807779261
2025-06-29 17:00,20.904826108599952
2025-06-29 18:00,17.180414724920226
2025-06-29 19:00,13.093747642312778
2025-06-29 20:00,9.914276034042276
2025-06-29 21:00,8.942984176749345
2025-06-29 22:00,5.245749950472384
2025-06-29 23:00,4.694147844826994
2025-06-30 00:00,3.6326421830145326
2025-06-30 01:00,3.278543638536624
2025-06-30 02:00,2.6633186881842197
2025-06-30 03:00,3.073943788482323
2025-06-30 04:00,2.0736298929155326
2025-06-30 05:00,1.940830402564103
2025-06-30 06:00,1.5254581852870361
2025-06-30 07:00,1.2865364610017698
2025-06-30 08:00,2.0143606874364406
2025-06-30 09:00,2.6311765861291754
2025-06-30 10:00,3.610007115627561
2025-06-30 11:00,3.9925424298703294
2025-06-30 12:00,7.945621108149884
2025-06-30 13:00,9.792440060042772
2025-06-30 14:00,11.009115996141647
2025-06-30 15:00,12.21658898388313
2025-06-30 16:00,11.084198174940065
2025-06-30 17:00,10.623978279941623
2025-06-30 18:00,5.67284889641718
2025-06-30 19:00,4.272078018112791
2025-06-30 20:00,3.5416953389696513
2025-06-30 21:00,4.11214276127293
2025-06-30 22:00,3.074845488752361
2025-06-30 23:00,2.1207420740414737
2025-07-01 00:00,2.3093225616886564
2025-07-01 01:00,3.01838588793245
2025-07-01 02:00,3.213357110260761
2025-07-01 03:00,2.43127704612771
2025-07-01 04:00,2.5088149757127387
2025-07-01 05:00,3.4083132924379296
2025-07-01 06:00,4.25981031118456
2025-07-01 07:00,4.9209349534379365
2025-07-01 08:00,4.820301038902161
2025-07-01 09:00,5.463270745404287
2025-07-01 10:00,4.532975001522353
2025-07-01 11:00,5.692154327995881
2025-07-01 12:00,7.140342651217469
2025-07-01 13:00,8.844079119276754
2025-07-01 14:00,9.020479480656059
2025-07-01 15:00,9.919461459529439
2025-07-01 16:00,7.818769052160941
2025-07-01 17:00,8.519278005509513
2025-07-01 18:00,7.192920770566104
2025-07-01 19:00,6.546820172562505
2025-07-01 20:00,3.377055774127001
2025-07-01 21:00,3.208820848512343
2025-07-01 22:00,2.2527344162599463
2025-07-01 23:00,1.9385300269378538
2025-07-02 00:00,10.069909192422221
2025-07-02 01:00,9.991332986010685
2025-07-02 02:00,10.320507293287653
2025-07-02 03:00,9.384460684357123
2025-07-02 04:00,9.303016939040702
2025-07-02 05:00,9.690421110608339
2025-07-02 06:00,9.148844765869752
2025-07-02 07:00,7.2541136224294975
2025-07-02 08:00,6.8349468712689285
2025-07-02 09:00,9.905384209974642
2025-07-02 10:00,9.238721788251727
2025-07-02 11:00,8.732030294777582
2025-07-02 12:00,7.409383349179666
2025-07-02 13:00,7.004184836425764
2025-07-02 14:00,8.923414967411661
2025-07-02 15:00,9.195795102111118
2025-07-02 16:00,6.753305850847951
2025-07-02 17:00,6.5632652151938045
2025-07-02 18:00,5.524622006460042
2025-07-02 19:00,4.252231501127642
2025-07-02 20:00,4.511228126962123
2025-07-02 21:00,4.829938549679597
2025-07-02 22:00,4.786342552765485
2025-07-02 23:00,4.115926503458584
2025-07-03 00:00,6.167513923591063
2025-07-03 01:00,7.944957958852258
2025-07-03 02:00,7.48371626534979
2025-07-03 03:00,9.031228783112754
2025-07-03 04:00,10.114940930919031
2025-07-03 05:00,9.665720163711073
2025-07-03 06:00,8.701867723155571
2025-07-03 07:00,9.050073512008751
2025-07-03 08:00,8.419674617605311
2025-07-03 09:00,10.525779760649213
2025-07-03 10:00,8.692528498107455
2025-07-03 11:00,8.536212999891994
2025-07-03 12:00,8.758764223790921
2025-07-03 13:00,9.864926693939056
2025-07-03 14:00,11.31177761457937
2025-07-03 15:00,14.378053289377418
2025-07-03 16:00,15.533827127296979
2025-07-03 17:00,17.703909155826658
2025-07-03 18:00,18.838814755416102
2025-07-03 19:00,17.751856085999794
2025-07-03 20:00,15.987104027646957
2025-07-03 21:00,16.837225593812306
2025-07-03 22:00,16.334261433073316
2025-07-03 23:00,14.020172182358786
2025-07-04 00:00,25.091525387073172
2025-07-04 01:00,25.081182687075493
2025-07-04 02:00,26.139662077857253
2025-07-04 03:00,22.21597354808577
2025-07-04 04:00,25.17379137083168
2025-07-04 05:00,26.88651260458066
2025-07-04 06:00,28.40440500444339
2025-07-04 07:00,27.479953857118574
2025-07-04 08:00,28.981900801100295
2025-07-04 09:00,27.793599999995376
2025-07-04 10:00,26.59815790670211
2025-07-04 11:00,27.0861924416517
2025-07-04 12:00,27.294627690023873
2025-07-04 13:00,27.899329623916355
2025-07-04 14:00,25.234730246382497
2025-07-04 15:00,26.743206972611834
2025-07-04 16:00,27.20341688016992
2025-07-04 17:00,28.677892837650017
2025-07-04 18:00,28.399049983664145
2025-07-04 19:00,28.251906415703242
2025-07-04 20:00,26.00131964873059
2025-07-04 21:00,24.3405544818788
2025-07-04 22:00,23.67936618367975
2025-07-04 23:00,22.08863942162202
2025-07-05 00:00,17.6753938056268
2025-07-05 01:00,17.247712894337983
2025-07-05 02:00,16.246707528920993
2025-07-05 03:00,14.792444873178233
2025-07-05 04:00,16.4019705416019
2025-07-05 05:00,17.754330682207158
2025-07-05 06:00,19.491169440000757
2025-07-05 07:00,21.964622264693237
2025-07-05 08:00,19.51709350301217
2025-07-05 09:00,16.655409875756025
2025-07-05 10:00,15.950371675635765
2025-07-05 11:00,17.03492879933106
2025-07-05 12:00,17.30323658295623
2025-07-05 13:00,17.84633397240562
2025-07-05 14:00,16.873950312594346
2025-07-05 15:00,17.94932994261943
2025-07-05 16:00,18.386650986593352
2025-07-05 17:00,18.59707722267875
2025-07-05 18:00,15.862694338153455
2025-07-05 19:00,15.761786522825075
2025-07-05 20:00,15.486545167006868
2025-07-05 21:00,13.39304118085345
2025-07-05 22:00,12.179863962819747
2025-07-05 23:00,12.492792272218496
2025-07-06 00:00,15.146862144634019
2025-07-06 01:00,15.223691537212815
2025-07-06 02:00,14.663302294495315
2025-07-06 03:00,11.19488114301934
2025-07-06 04:00,10.229361489692899
2025-07-06 05:00,9.34302152056423
2025-07-06 06:00,8.35758816819925
2025-07-06 07:00,6.0136215782493005
2025-07-06 08:00,6.556005587076338
2025-07-06 09:00,6.570749128041939
2025-07-06 10:00,6.820354122535178
2025-07-06 11:00,5.779591772922295
2025-07-06 12:00,5.368481522274943
2025-07-06 13:00,5.438422779030122
2025-07-06 14:00,5.796933101816477
2025-07-06 15:00,7.257501972335575
2025-07-06 16:00,9.570235900647882
2025-07-06 17:00,9.426189720528695
2025-07-06 18:00,11.12045438597204
2025-07-06 19:00,12.482679118903008
2025-07-06 20:00,9.00062715771138
2025-07-06 21:00,10.629580338376774
2025-07-06 22:00,8.688770058035454
2025-07-06 23:00,8.1466944399951
2025-07-07 00:00,3.2717559638090865
2025-07-07 01:00,2.609136247037888
2025-07-07 02:00,2.056946177174144
2025-07-07 03:00,1.1657311883696255
2025-07-07 04:00,0.7185801806312718
2025-07-07 05:00,0.6732112323834379
2025-07-07 06:00,0.43605499672968495
2025-07-07 07:00,0.3316762367507928
2025-07-07 08:00,0.27495252107898277
2025-07-07 09:00,0.1684240353620634
2025-07-07 10:00,0.23705974012348505
2025-07-07 11:00,0.0470276098332054
2025-07-07 12:00,0.03145360790710607
2025-07-07 13:00,0.6706556386142735
2025-07-07 14:00,1.8978793143795107
2025-07-07 15:00,2.8387531104983297
2025-07-07 16:00,2.7209043831990063
2025-07-07 17:00,3.757647306413761
2025-07-07 18:00,2.449211572018424
2025-07-07 19:00,2.5794827535777105
2025-07-07 20:00,2.1449437104053573
2025-07-07 21:00,1.5206017932629639
2025-07-07 22:00,2.1254889500495975
2025-07-07 23:00,2.1536852238822877
2025-07-08 00:00,1.2574819591393815
2025-07-08 01:00,2.4789711949904936
2025-07-08 02:00,2.270738718434934
2025-07-08 03:00,2.114220637415902
2025-07-08 04:00,2.1983712028869795
2025-07-08 05:00,2.6834675926824794
2025-07-08 06:00,1.6364177543893614
2025-07-08 07:00,0.5279313912963166
2025-07-08 08:00,0.4351194883294604
2025-07-08 09:00,0.27585956238020404
2025-07-08 10:00,0.25736405541156626
2025-07-08 11:00,1.004743850318927
2025-07-08 12:00,0.6914842143539683
2025-07-08 13:00,1.0910407892412162
2025-07-08 14:00,2.815392099731934
2025-07-08 15:00,3.5080678389944233
2025-07-08 16:00,4.198398719852573
2025-07-08 17:00,5.140293407693628
2025-07-08 18:00,6.064200992681218
2025-07-08 19:00,5.239000709736928
2025-07-08 20:00,4.727831181986494
2025-07-08 21:00,5.354567894744058
2025-07-08 22:00,3.6312043044782967
2025-07-08 23:00,3.24853979905115
2025-07-09 00:00,0.3868765595639487
2025-07-09 01:00,0.24771463376325975
2025-07-09 02:00,0.14989279594267
2025-07-09 03:00,0.40845334061298555
2025-07-09 04:00,0.0402525844731585
2025-07-09 05:00,0.19650979686713457
2025-07-09 06:00,0.4168547571613175
2025-07-09 07:00,0.316545748369582
2025-07-09 08:00,0.21047270839677482
2025-07-09 09:00,0.5309412708018074
2025-07-09 10:00,0.15514494707478638
2025-07-09 11:00,1.2948369470190684
2025-07-09 12:00,2.017796194716523
2025-07-09 13:00,2.409838043961948
2025-07-09 14:00,3.6596698919634876
2025-07-09 15:00,3.320986936616723
2025-07-09 16:00,3.077258884244472
2025-07-09 17:00,2.1332823989071694
2025-07-09 18:00,0.29684720766975264
2025-07-09 19:00,0.7987814477923746
2025-07-09 20:00,0.481873588176299
2025-07-09 21:00,1.4683694237001805
2025-07-09 22:00,1.3533778549727968
2025-07-09 23:00,2.187541660640628
2025-07-10 00:00,0.7269593993539593
2025-07-10 01:00,0.4802511702485131
2025-07-10 02:00,0.7699973272970628
2025-07-10 03:00,0.1375383688840454
2025-07-10 04:00,0.9662909524926082
2025-07-10 05:00,1.657500115236994
2025-07-10 06:00,2.3857393018117166
2025-07-10 07:00,2.7575958036102546
2025-07-10 08:00,2.260311481364545
2025-07-10 09:00,2.463956969037062
2025-07-10 10:00,3.940516244858235
2025-07-10 11:00,4.279218909134889
2025-07-10 12:00,5.369353707957292
2025-07-10 13:00,7.70474327713156
2025-07-10 14:00,9.252411693187513
2025-07-10 15:00,11.048028153847163
2025-07-10 16:00,12.174702167998822
2025-07-10 17:00,10.821546142827517
2025-07-10 18:00,13.669692276743339
2025-07-10 19:00,11.568856097104225
2025-07-10 20:00,10.840193184694838
2025-07-10 21:00,13.388621076686675
2025-07-10 22:00,10.131064920864924
2025-07-10 23:00,9.74114984604539
2025-07-11 00:00,3.7702659656651107
2025-07-11 01:00,4.426782814739702
2025-07-11 02:00,5.104693015078477
2025-07-11 03:00,6.503684387058759
2025-07-11 04:00,7.102624119116908
2025-07-11 05:00,8.427517822421008
2025-07-11 06:00,11.201029867976848
2025-07-11 07:00,11.301442271753709
2025-07-11 08:00,10.570805077095454
2025-07-11 09:00,8.014447352886023
2025-07-11 10:00,5.847299887087218
2025-07-11 11:00,3.835441875581362
2025-07-11 12:00,3.9752245016880745
2025-07-11 13:00,4.429438428683483
2025-07-11 14:00,3.877452706104647
2025-07-11 15:00,5.030024427766362
2025-07-11 16:00,6.65203936336939
2025-07-11 17:00,8.093178664205102
2025-07-11 18:00,8.133247259723573
2025-07-11 19:00,9.26492181671099
2025-07-11 20:00,7.3206835196969
2025-07-11 21:00,7.547143268025406
2025-07-11 22:00,7.4039244107263285
2025-07-11 23:00,6.289368978164414
2025-07-12 00:00,2.126660710036356
2025-07-12 01:00,1.9682219649645525
2025-07-12 02:00,1.6573552831856244
2025-07-12 03:00,1.652405832319797
2025-07-12 04:00,2.0655530123624066
2025-07-12 05:00,2.2123477900914126
2025-07-12 06:00,1.821291015103859
2025-07-12 07:00,1.5713816125479603
2025-07-12 08:00,0.12085099188177624
2025-07-12 09:00,0.12554088149249876
2025-07-12 10:00,0.027445363534370392
2025-07-12 11:00,0.07242962782282425
2025-07-12 12:00,0.3377327454074795
2025-07-12 13:00,0.24959351029823507
2025-07-12 14:00,0.5539880861322586
2025-07-12 15:00,1.7429206890758075
2025-07-12 16:00,1.809888924078998
2025-07-12 17:00,1.6442953236077331
2025-07-12 18:00,1.0847912946956177
2025-07-12 19:00,0.9552902003057236
2025-07-12 20:00,0.28048396902372
2025-07-12 21:00,0.2480285875360472
2025-07-12 22:00,0.20801775325060168
2025-07-12 23:00,0.15920710797629545
2025-07-13 00:00,0.23210367014672784
2025-07-13 01:00,0.12417834578867919
2025-07-13 02:00,0.04729344478290465
2025-07-13 03:00,0.0683982696213724
2025-07-13 04:00,0.1053506831928625
2025-07-13 05:00,0.03290209750547857
2025-07-13 06:00,0.04910428656595114
2025-07-13 07:00,0.04661319953400861
2025-07-13 08:00,0.0
2025-07-13 09:00,0.0
2025-07-13 10:00,0.08850629539545363
2025-07-13 11:00,0.2740483098322448
2025-07-13 12:00,0.3839333106296039
2025-07-13 13:00,0.14343671013030945
2025-07-13 14:00,0.8638082509540578
2025-07-13 15:00,0.19753889088968338
2025-07-13 16:00,0.11378884104271286
2025-07-13 17:00,0.8229348191855337
2025-07-13 18:00,0.6336348001530189
2025-07-13 19:00,1.4504441297324184
2025-07-13 20:00,2.0471111694105177
2025-07-13 21:00,0.933255248333637
2025-07-13 22:00,2.9420359676845464
2025-07-13 23:00,3.424912087557671
2025-07-14 00:00,2.8487828821031207
2025-07-14 01:00,3.6828942170538057
2025-07-14 02:00,4.09843034599982
2025-07-14 03:00,3.3744944845603833
2025-07-14 04:00,2.8441073525746656
2025-07-14 05:00,2.339373559016564
2025-07-14 06:00,2.9901673616156472
2025-07-14 07:00,2.9335896446395555
2025-07-14 08:00,3.012548720553774
2025-07-14 09:00,3.769029377308763
2025-07-14 10:00,4.266699120632598
2025-07-14 11:00,5.3317574843333775
2025-07-14 12:00,9.621381901017612
2025-07-14 13:00,13.98748590635706
2025-07-14 14:00,16.793282793939845
2025-07-14 15:00,24.580582522773494
2025-07-14 16:00,27.616762518075546
2025-07-14 17:00,30.824743227085936
2025-07-14 18:00,26.31572574396903
2025-07-14 19:00,26.79199293598319
2025-07-14 20:00,19.460356293503875
2025-07-14 21:00,17.785209847601426
2025-07-14 22:00,12.750917151007926
2025-07-14 23:00,9.757874399624788
2025-07-15 00:00,6.67853115457136
2025-07-15 01:00,7.248404367688736
2025-07-15 02:00,9.126057080607579
2025-07-15 03:00,8.433839570226397
2025-07-15 04:00,9.125477053416686
2025-07-15 05:00,8.652711906381125
2025-07-15 06:00,13.40188256958374
2025-07-15 07:00,19.583801992214585
2025-07-15 08:00,15.001807446108634
2025-07-15 09:00,17.548082477448215
2025-07-15 10:00,16.21417102771998
2025-07-15 11:00,17.497163661091893
2025-07-15 12:00,21.402914398689138
2025-07-15 13:00,18.050419144220367
2025-07-15 14:00,17.344162990044847
2025-07-15 15:00,19.43213025047389
2025-07-15 16:00,18.911053791338226
2025-07-15 17:00,14.116749371013364
2025-07-15 18:00,15.16108838047222
2025-07-15 19:00,11.657104897549203
2025-07-15 20:00,13.716735630326303
2025-07-15 21:00,11.268980781990805
2025-07-15 22:00,9.839712420089297
2025-07-15 23:00,9.513810701452416
2025-07-16 00:00,14.50654557472585
2025-07-16 01:00,13.568512945009923
2025-07-16 02:00,13.028749954540023
2025-07-16 03:00,13.502989124014022
2025-07-16 04:00,15.782614691251917
2025-07-16 05:00,14.910146572891131
2025-07-16 06:00,19.275449659291183
2025-07-16 07:00,20.065621707581062
2025-07-16 08:00,22.18324092366973
2025-07-16 09:00,21.333345259193624
2025-07-16 10:00,20.989182921124844
2025-07-16 11:00,26.646048298451976
2025-07-16 12:00,32.436861109614306
2025-07-16 13:00,33.17041207508054
2025-07-16 14:00,37.18087320805741
2025-07-16 15:00,39.140530551807366
2025-07-16 16:00,41.570108296258674
2025-07-16 17:00,40.77340515619351
2025-07-16 18:00,41.39598560002337
2025-07-16 19:00,43.17123929447905
2025-07-16 20:00,42.45336692726646
2025-07-16 21:00,43.9492222482344
2025-07-16 22:00,44.18543236814343
2025-07-16 23:00,43.853852460371165
2025-07-17 00:00,41.37501522807589
2025-07-17 01:00,40.984145181323015
2025-07-17 02:00,41.1299945912127
2025-07-17 03:00,43.57391385891774
2025-07-17 04:00,45.15428846240053
2025-07-17 05:00,45.99234034352266
2025-07-17 06:00,45.20388368121053
2025-07-17 07:00,44.457754612357576
2025-07-17 08:00,41.46408602135588
2025-07-17 09:00,37.69713479623776
2025-07-17 10:00,29.52681837596607
2025-07-17 11:00,24.56720079208922
2025-07-17 12:00,23.143767834249598
2025-07-17 13:00,21.589433852762102
2025-07-17 14:00,26.201600153885863
2025-07-17 15:00,32.69502904691532
2025-07-17 16:00,30.048375099810755
2025-07-17 17:00,34.87550293309642
2025-07-17 18:00,36.81334713754407
2025-07-17 19:00,37.92032239207084
2025-07-17 20:00,39.41021268189399
2025-07-17 21:00,39.63368605828122
2025-07-17 22:00,38.823959877654865
2025-07-17 23:00,39.324515189961325
2025-07-18 00:00,39.53161644923586
2025-07-18 01:00,38.317645810739386
2025-07-18 02:00,36.156869707987134
2025-07-18 03:00,36.923547202633046
2025-07-18 04:00,34.50881859478235
2025-07-18 05:00,36.98410942878203
2025-07-18 06:00,35.98287149497247
2025-07-18 07:00,32.42210545134031
2025-07-18 08:00,30.45483785197317
2025-07-18 09:00,27.091922646770257
2025-07-18 10:00,20.335642055564268
2025-07-18 11:00,13.221209284124056
2025-07-18 12:00,10.012950991599729
2025-07-18 13:00,7.336422717482468
2025-07-18 14:00,8.548544831712883
2025-07-18 15:00,8.459655033130252
2025-07-18 16:00,4.950947303631274
2025-07-18 17:00,8.02234090165379
2025-07-18 18:00,7.26259562610758
2025-07-18 19:00,7.632189990664642
2025-07-18 20:00,7.53635600308196
2025-07-18 21:00,6.813228163653336
2025-07-18 22:00,7.791481436319267
2025-07-18 23:00,8.073331269915634
2025-07-19 00:00,21.257997292003505
2025-07-19 01:00,27.647232647678976
2025-07-19 02:00,28.130330914054166
2025-07-19 03:00,25.297729801493045
2025-07-19 04:00,29.155096939921947
2025-07-19 05:00,25.59629018332349
2025-07-19 06:00,22.839184339927773
2025-07-19 07:00,21.9213899933702
2025-07-19 08:00,25.176344504595672
2025-07-19 09:00,27.576119404220677
2025-07-19 10:00,30.396087915249748
2025-07-19 11:00,30.94406642377399
2025-07-19 12:00,29.11950447752284
2025-07-19 13:00,31.904954013712977
2025-07-19 14:00,31.718961393268856
2025-07-19 15:00,34.50245764528481
2025-07-19 16:00,32.539330869465836
2025-07-19 17:00,34.17487265795976
2025-07-19 18:00,33.515713045908626
2025-07-19 19:00,30.44700095395416
2025-07-19 20:00,30.985031362854727
2025-07-19 21:00,30.60216084538597
2025-07-19 22:00,29.771706174547763
2025-07-19 23:00,27.601439766543255
2025-07-20 00:00,18.131174660347934
2025-07-20 01:00,19.44594771891556
2025-07-20 02:00,17.165284848427934
2025-07-20 03:00,19.638846780408674
2025-07-20 04:00,19.45145749390436
2025-07-20 05:00,18.63450263402256
2025-07-20 06:00,21.10865518578475
2025-07-20 07:00,23.517825939654042
2025-07-20 08:00,22.588886214720873
2025-07-20 09:00,22.008672695934028
2025-07-20 10:00,18.829164483319044
2025-07-20 11:00,18.191321601488323
2025-07-20 12:00,20.16280263628475
2025-07-20 13:00,18.29791902185131
2025-07-20 14:00,15.5960669574095
2025-07-20 15:00,10.58151422314108
2025-07-20 16:00,11.150975950531837
2025-07-20 17:00,12.142190668929226
2025-07-20 18:00,11.110800532740726
2025-07-20 19:00,14.93007514444317
2025-07-20 20:00,13.537028786896597
2025-07-20 21:00,12.337460225452839
2025-07-20 22:00,13.179968167226491
2025-07-20 23:00,13.580415739952576
2025-07-21 00:00,16.126561301336537
2025-07-21 01:00,15.260793125263092
2025-07-21 02:00,15.557796582763194
2025-07-21 03:00,14.183097400171867
2025-07-21 04:00,14.282525593871767
2025-07-21 05:00,14.9204354915391
2025-07-21 06:00,14.472125910079328
2025-07-21 07:00,15.548427566160484
2025-07-21 08:00,15.918205566486888
2025-07-21 09:00,11.245884224471553
2025-07-21 10:00,7.169117874139449
2025-07-21 11:00,6.982600786588627
2025-07-21 12:00,4.557266380862536
2025-07-21 13:00,4.876717038607802
2025-07-21 14:00,4.504197328924472
2025-07-21 15:00,3.9751965181293847
2025-07-21 16:00,4.208262510371975
2025-07-21 17:00,3.4746383517360777
2025-07-21 18:00,2.595809603875624
2025-07-21 19:00,2.2926495030506087
2025-07-21 20:00,1.7018627517283285
2025-07-21 21:00,1.3394074877859683
2025-07-21 22:00,1.7608991005762853
2025-07-21 23:00,2.3567670469338573
2025-07-22 00:00,0.580402687262176
2025-07-22 01:00,0.8434707004704926
2025-07-22 02:00,1.0134433341854583
2025-07-22 03:00,0.9215835293937636
2025-07-22 04:00,1.3775329043458822
2025-07-22 05:00,2.2811849327305134
2025-07-22 06:00,2.2412574308533295
2025-07-22 07:00,1.353036764283993
2025-07-22 08:00,0.6887536349979264
2025-07-22 09:00,0.49620586355800134
2025-07-22 10:00,0.35484439944797336
2025-07-22 11:00,0.5301958449729074
2025-07-22 12:00,1.2861971351937787
2025-07-22 13:00,1.8284270992786913
2025-07-22 14:00,1.6860082206696523
2025-07-22 15:00,2.32789833662989
2025-07-22 16:00,1.9720213858384141
2025-07-22 17:00,1.444805041987849
2025-07-22 18:00,1.1664014864364072
2025-07-22 19:00,0.38686976666185907
2025-07-22 20:00,0.16336014186186318
2025-07-22 21:00,0.15089606574858003
2025-07-22 22:00,0.09591411637127911
2025-07-22 23:00,0.09047856892280386
2025-07-23 00:00,0.13487676254524536
2025-07-23 01:00,0.2031378995582972
2025-07-23 02:00,0.1954561267458761
2025-07-23 03:00,0.08161148749043774
2025-07-23 04:00,0.06104243140868087
2025-07-23 05:00,0.06153692164081412
2025-07-23 06:00,0.015007846738056259
2025-07-23 07:00,0.04411621520659607
2025-07-23 08:00,0.0
2025-07-23 09:00,0.026553697779250974
2025-07-23 10:00,0.04393608914845454
2025-07-23 11:00,0.09618512959680155
2025-07-23 12:00,0.2734057740094666
2025-07-23 13:00,0.6896548878963995
2025-07-23 14:00,1.4859623631856245
2025-07-23 15:00,3.150915200186285
2025-07-23 16:00,2.9943430643228304
2025-07-23 17:00,3.1743422305917455
2025-07-23 18:00,1.3760698403438338
2025-07-23 19:00,1.6675956019004687
2025-07-23 20:00,1.357159920129156
2025-07-23 21:00,1.5816436154497129
2025-07-23 22:00,0.7208903261855418
2025-07-23 23:00,0.6791234938627303
2025-07-24 00:00,0.3456667776577327
2025-07-24 01:00,0.2700953878818472
2025-07-24 02:00,0.3242208592877217
2025-07-24 03:00,0.45463632322748593
2025-07-24 04:00,0.3925355387556033
2025-07-24 05:00,0.18528285614098627
2025-07-24 06:00,0.1428417346240178
2025-07-24 07:00,0.21685833651561068
2025-07-24 08:00,0.13681450021810385
2025-07-24 09:00,0.1804116927892119
2025-07-24 10:00,0.23094773458444248
2025-07-24 11:00,0.07472743034653272
2025-07-24 12:00,1.165939215323461
2025-07-24 13:00,1.888740840625805
2025-07-24 14:00,3.2315844988493168
2025-07-24 15:00,4.499364050225264
2025-07-24 16:00,5.14487775581022
2025-07-24 17:00,6.490855890689043
2025-07-24 18:00,3.814250375475254
2025-07-24 19:00,3.25917081142187
2025-07-24 20:00,3.31357515549078
2025-07-24 21:00,2.601231077176594
2025-07-24 22:00,0.9504333116583593
2025-07-24 23:00,0.7717274832587883
2025-07-25 00:00,0.35692504726219215
2025-07-25 01:00,0.027935806031711145
2025-07-25 02:00,0.11664323880846632
2025-07-25 03:00,0.25242926221290557
2025-07-25 04:00,0.0
2025-07-25 05:00,0.33914222614970146
2025-07-25 06:00,0.04583373201375584
2025-07-25 07:00,0.41366848553406205
2025-07-25 08:00,0.25458676013344894
2025-07-25 09:00,0.13639725149691995
2025-07-25 10:00,0.08124856164416704
2025-07-25 11:00,0.23619943172492494
2025-07-25 12:00,0.4096999923990925
2025-07-25 13:00,0.9751093815386277
2025-07-25 14:00,1.9802644327988386
2025-07-25 15:00,4.442794775214183
2025-07-25 16:00,4.148686923601807
2025-07-25 17:00,3.485851719627991
2025-07-25 18:00,3.4250466342578654
2025-07-25 19:00,2.802850063543191
2025-07-25 20:00,1.554684201504567
2025-07-25 21:00,0.6477459901657227
2025-07-25 22:00,0.8815702346131746
2025-07-25 23:00,0.3843670418240818
2025-07-26 00:00,0.9312844753620014
2025-07-26 01:00,1.3744935113210641
2025-07-26 02:00,2.116994277161775
2025-07-26 03:00,1.9256092002524234
2025-07-26 04:00,2.2915532114321073
2025-07-26 05:00,2.8620840121441695
2025-07-26 06:00,3.937045678312195
2025-07-26 07:00,3.9640343974360186
2025-07-26 08:00,5.56647776179273
2025-07-26 09:00,6.322317487418313
2025-07-26 10:00,5.280828488146937
2025-07-26 11:00,4.76174854286473
2025-07-26 12:00,3.9538613318870097
2025-07-26 13:00,2.926920424702347
2025-07-26 14:00,2.7160275965960596
2025-07-26 15:00,5.160236142538997
2025-07-26 16:00,6.303679622645582
2025-07-26 17:00,8.89516111259058
2025-07-26 18:00,9.88235026362956
2025-07-26 19:00,8.701000381225759
2025-07-26 20:00,8.123828779309848
2025-07-26 21:00,7.234541330937856
2025-07-26 22:00,6.5321470939236335
2025-07-26 23:00,5.313829160504414
2025-07-27 00:00,2.0542641828663784
2025-07-27 01:00,2.1172877346987957
2025-07-27 02:00,4.214131281558384
2025-07-27 03:00,5.140072665667064
2025-07-27 04:00,4.951673125429973
2025-07-27 05:00,5.735013127269144
2025-07-27 06:00,5.566892535168184
2025-07-27 07:00,3.5405003699104873
2025-07-27 08:00,3.0388253090306017
2025-07-27 09:00,1.9614876231542435
2025-07-27 10:00,0.5637520626668536
2025-07-27 11:00,0.29455779735457616
2025-07-27 12:00,0.6689356913122827
2025-07-27 13:00,1.0666986986485578
2025-07-27 14:00,2.39842655908924
2025-07-27 15:00,2.1301284108290806
2025-07-27 16:00,2.892174191762228
2025-07-27 17:00,2.4805228186814676
2025-07-27 18:00,1.190462444563199
2025-07-27 19:00,0.4443903710780743
2025-07-27 20:00,0.21164787749928637
2025-07-27 21:00,0.0
2025-07-27 22:00,0.01253939381847242
2025-07-27 23:00,0.0
2025-07-28 00:00,0.0
2025-07-28 01:00,0.0
2025-07-28 02:00,0.10233325972325151
2025-07-28 03:00,0.06700996706264158
2025-07-28 04:00,0.060796548840141434
2025-07-28 05:00,0.035130050725859945
2025-07-28 06:00,0.0
2025-07-28 07:00,0.004129038406869438
2025-07-28 08:00,0.017760003097697902
2025-07-28 09:00,0.1239221738545756
2025-07-28 10:00,0.010289115309548959
2025-07-28 11:00,0.035959581248491766
2025-07-28 12:00,0.26311827178645397
2025-07-28 13:00,1.8191774382718744
2025-07-28 14:00,2.309433154139659
2025-07-28 15:00,3.7019626854660164
2025-07-28 16:00,3.7911343045595918
2025-07-28 17:00,4.088334904928203
2025-07-28 18:00,3.1250085914101984
2025-07-28 19:00,1.9714832679176781
2025-07-28 20:00,1.5117735070410638
2025-07-28 21:00,1.8968407600324582
2025-07-28 22:00,1.3595200252696624
2025-07-28 23:00,1.0016515493704243
2025-07-29 00:00,0.35934264116092446
2025-07-29 01:00,0.2303077476129504
2025-07-29 02:00,0.08576371259589323
2025-07-29 03:00,0.08594220416321569
2025-07-29 04:00,0.12571324558947988
2025-07-29 05:00,0.0
2025-07-29 06:00,0.04005048134112591
2025-07-29 07:00,0.13207436013741744
2025-07-29 08:00,0.11011202173082844
2025-07-29 09:00,0.12544546246945013
2025-07-29 10:00,0.3149923280088742
2025-07-29 11:00,0.25680409576634117
2025-07-29 12:00,0.0
2025-07-29 13:00,0.04464007636890222
2025-07-29 14:00,0.8748241802805602
2025-07-29 15:00,1.2753417037056762
2025-07-29 16:00,2.1007355326901958
2025-07-29 17:00,1.5028538397716478
2025-07-29 18:00,1.6619028731300265
2025-07-29 19:00,0.2561580728921497
2025-07-29 20:00,0.07712286906337122
2025-07-29 21:00,0.10423931321948983
2025-07-29 22:00,0.08437663274536043
2025-07-29 23:00,0.058787513432126265
2025-07-30 00:00,0.06245004108957137
2025-07-30 01:00,0.12188274514585613
2025-07-30 02:00,0.0
2025-07-30 03:00,0.05655618981820077
2025-07-30 04:00,0.11324550082140805
2025-07-30 05:00,0.269270884895912
2025-07-30 06:00,0.13059011244572952
2025-07-30 07:00,0.29522947345523703
2025-07-30 08:00,0.26601235764938874
2025-07-30 09:00,0.569574592235074
2025-07-30 10:00,0.1262466987606626
2025-07-30 11:00,0.3809251226730049
2025-07-30 12:00,0.4694120556612871
2025-07-30 13:00,1.8817139848650257
2025-07-30 14:00,3.352694657906408
2025-07-30 15:00,4.350650162399963
2025-07-30 16:00,5.680513502445496
2025-07-30 17:00,8.897426155269951
2025-07-30 18:00,6.199137857003674
2025-07-30 19:00,6.489255144573541
2025-07-30 20:00,5.775250489302382
2025-07-30 21:00,5.495484476793405
2025-07-30 22:00,4.5403982382725445
2025-07-30 23:00,4.253672033855925
2025-07-31 00:00,5.800965900840807
2025-07-31 01:00,2.857066088631115
2025-07-31 02:00,1.4879618773768424
2025-07-31 03:00,1.2255196809394338
2025-07-31 04:00,0.5383213787210145
2025-07-31 05:00,0.8447291174998145
2025-07-31 06:00,1.8771677585469908
2025-07-31 07:00,1.8867787347470315
2025-07-31 08:00,2.2242579338748905
2025-07-31 09:00,3.281219935049284
2025-07-31 10:00,2.071808383849277
2025-07-31 11:00,3.916945524572453
2025-07-31 12:00,1.7002538751501304
2025-07-31 13:00,1.6275197810249236
2025-07-31 14:00,1.8350979053731873
2025-07-31 15:00,3.093072256798235
2025-07-31 16:00,4.0432044696646505
2025-07-31 17:00,5.355487020076873
2025-07-31 18:00,4.739819377315825
2025-07-31 19:00,5.189225672708726
2025-07-31 20:00,2.7665634531756207
2025-07-31 21:00,1.5146746854810005
2025-07-31 22:00,0.8343986051220481
2025-07-31 23:00,0.32741485320342384
2025-08-01 00:00,0.09513600055318645
2025-08-01 01:00,0.07926924599505332
2025-08-01 02:00,0.043672881982214425
2025-08-01 03:00,0.10728237585996626
2025-08-01 04:00,0.056513655950033326
2025-08-01 05:00,0.1789265798487789
2025-08-01 06:00,0.05650382439804388
2025-08-01 07:00,0.10641696788654241
2025-08-01 08:00,0.11519544430179611
2025-08-01 09:00,0.0713272887611117
2025-08-01 10:00,0.06901176729885872
2025-08-01 11:00,0.0783826542087618
2025-08-01 12:00,0.11892427530188883
2025-08-01 13:00,0.40429834427318956
2025-08-01 14:00,0.5143636644315595
2025-08-01 15:00,0.9216043705285933
2025-08-01 16:00,1.0961711768487044
2025-08-01 17:00,1.0644943981036719
2025-08-01 18:00,0.7194146726637781
2025-08-01 19:00,0.2545439996013747
2025-08-01 20:00,0.26406437928155846
2025-08-01 21:00,0.10421436451995303
2025-08-01 22:00,0.23824090246373084
2025-08-01 23:00,0.06337407226689877
2025-08-02 00:00,0.01505823145901905
2025-08-02 01:00,0.06817860407657986
2025-08-02 02:00,0.0911122863764909
2025-08-02 03:00,0.13730306058407094
2025-08-02 04:00,0.00613208740253563
2025-08-02 05:00,0.0
2025-08-02 06:00,0.0
2025-08-02 07:00,0.07260729314279905
2025-08-02 08:00,0.028049434693454656
2025-08-02 09:00,0.040691842108313926
2025-08-02 10:00,0.01044623880570398
2025-08-02 11:00,0.0
2025-08-02 12:00,0.08223934249004085
2025-08-02 13:00,0.0
2025-08-02 14:00,1.0094246794641832
2025-08-02 15:00,1.2688184889389722
2025-08-02 16:00,1.3468388599109622
2025-08-02 17:00,0.9065731913666851
2025-08-02 18:00,0.2424523793482989
2025-08-02 19:00,0.10643587052712855
2025-08-02 20:00,0.0
2025-08-02 21:00,0.014161258312646181
2025-08-02 22:00,0.056059602418933464
2025-08-02 23:00,0.15666422513557066
2025-08-03 00:00,0.18880718262728968
2025-08-03 01:00,0.16127578611533663
2025-08-03 02:00,0.05962392941471009
2025-08-03 03:00,0.0915050985420039
2025-08-03 04:00,0.05258379811329478
2025-08-03 05:00,0.2291405326430369
2025-08-03 06:00,0.16129576605900395
2025-08-03 07:00,0.0762121357539791
2025-08-03 08:00,0.16472752927801096
2025-08-03 09:00,0.24470471722722867
2025-08-03 10:00,0.2540387724365044
2025-08-03 11:00,0.2652632132342055
2025-08-03 12:00,0.5868933783538781
2025-08-03 13:00,1.070664812493305
2025-08-03 14:00,1.2093891896673545
2025-08-03 15:00,2.408357297607032
2025-08-03 16:00,0.6505682237177242
2025-08-03 17:00,1.8482061379741364
2025-08-03 18:00,1.3403713008297862
2025-08-03 19:00,1.9871772194033752
2025-08-03 20:00,4.609342317808618
2025-08-03 21:00,3.6904315645912327
2025-08-03 22:00,5.647165897594128
2025-08-03 23:00,6.9045602393044225
2025-08-04 00:00,38.22983519986666
2025-08-04 01:00,39.078694401897764
2025-08-04 02:00,37.76489936443059
2025-08-04 03:00,36.15004099770064
2025-08-04 04:00,35.06764790771021
2025-08-04 05:00,32.87508343847153
2025-08-04 06:00,30.003354411370253
2025-08-04 07:00,27.07486401888494
2025-08-04 08:00,22.104220784892604
2025-08-04 09:00,22.5501931202158
2025-08-04 10:00,20.401557108530707
2025-08-04 11:00,26.272455006694425
2025-08-04 12:00,25.806772087626573
2025-08-04 13:00,24.45564032941864
2025-08-04 14:00,25.49067933126698
2025-08-04 15:00,24.702908604300067
2025-08-04 16:00,22.695491566602627
2025-08-04 17:00,26.089777916954503
2025-08-04 18:00,27.351325581561127
2025-08-04 19:00,27.79684085081325
2025-08-04 20:00,28.407271918372658
2025-08-04 21:00,26.678700534525813
2025-08-04 22:00,26.97489324577904
2025-08-04 23:00,26.659297748374783
2025-08-05 00:00,0.05312219326652654
2025-08-05 01:00,0.14342227003279498
2025-08-05 02:00,0.08891212796693854
2025-08-05 03:00,0.213076626516035
2025-08-05 04:00,0.30654142076206004
2025-08-05 05:00,0.5825689260807357
2025-08-05 06:00,0.5503325573445982
2025-08-05 07:00,1.44253981008466
2025-08-05 08:00,1.6589365471645225
2025-08-05 09:00,1.434019647439159
2025-08-05 10:00,2.100294133255431
2025-08-05 11:00,5.035136861813962
2025-08-05 12:00,7.618063594788108
2025-08-05 13:00,9.44362701168601
2025-08-05 14:00,10.909997877718864
2025-08-05 15:00,14.207488644014125
2025-08-05 16:00,19.371406086637332
2025-08-05 17:00,23.034170039338523
2025-08-05 18:00,27.577875197177462
2025-08-05 19:00,30.47847484507136
2025-08-05 20:00,33.08122706423126
2025-08-05 21:00,36.14883349909392
2025-08-05 22:00,35.77414886596932
2025-08-05 23:00,36.75833365413543
2025-08-06 00:00,36.386764798129825
2025-08-06 01:00,35.51891264731824
2025-08-06 02:00,34.94200343386724
2025-08-06 03:00,34.183800286780794
2025-08-06 04:00,32.98633794497232
2025-08-06 05:00,33.70714026836925
2025-08-06 06:00,33.84507424382492
2025-08-06 07:00,32.65374094436352
2025-08-06 08:00,32.71190252308434
2025-08-06 09:00,32.69314080960051
2025-08-06 10:00,32.795853305587144
2025-08-06 11:00,31.867118532404934
2025-08-06 12:00,31.010641809785238
2025-08-06 13:00,31.810628247033563
2025-08-06 14:00,29.324399076277984
2025-08-06 15:00,29.182291798599334
2025-08-06 16:00,26.003693303169513
2025-08-06 17:00,20.79245384585
2025-08-06 18:00,20.457765331634615
2025-08-06 19:00,18.01139106441395
2025-08-06 20:00,18.18765299845848
2025-08-06 21:00,17.954211192569247
2025-08-06 22:00,17.37987681588379
2025-08-06 23:00,17.286551074069887
2025-08-07 00:00,8.407462462495525
2025-08-07 01:00,7.689542668433624
2025-08-07 02:00,5.862495696731727
2025-08-07 03:00,5.5310898399489155
2025-08-07 04:00,3.242949354959579
2025-08-07 05:00,2.3208796520315174
2025-08-07 06:00,2.077422126675248
2025-08-07 07:00,0.9452985183544721
2025-08-07 08:00,0.7908676676619689
2025-08-07 09:00,2.2626292193899467
2025-08-07 10:00,1.7253243298645689
2025-08-07 11:00,2.707449443038198
2025-08-07 12:00,3.524218458715685
2025-08-07 13:00,2.977225008625179
2025-08-07 14:00,3.049875514074397
2025-08-07 15:00,3.1180899061180427
2025-08-07 16:00,3.8393612513398474
2025-08-07 17:00,4.408468141381328
2025-08-07 18:00,3.5448832566663326
2025-08-07 19:00,1.1614332129718419
2025-08-07 20:00,0.7037533723417136
2025-08-07 21:00,0.6951750293756791
2025-08-07 22:00,0.3678387588008872
2025-08-07 23:00,0.7511752502931633
2025-08-08 00:00,0.6139802423561034
2025-08-08 01:00,1.1848313999679607
2025-08-08 02:00,1.204737476227013
2025-08-08 03:00,0.6025213686780827
2025-08-08 04:00,0.4985335683708619
2025-08-08 05:00,0.07729323170521801
2025-08-08 06:00,0.29624169187685984
2025-08-08 07:00,0.027899530475000336
2025-08-08 08:00,0.0
2025-08-08 09:00,0.03284377799223387
2025-08-08 10:00,0.14322437996001264
2025-08-08 11:00,0.04882696619675181
2025-08-08 12:00,0.10703727518241439
2025-08-08 13:00,0.15291118279940705
2025-08-08 14:00,0.5369266884216883
2025-08-08 15:00,1.375527911625175
2025-08-08 16:00,1.6540221581011714
2025-08-08 17:00,1.4964423489876164
2025-08-08 18:00,0.29263007667714674
2025-08-08 19:00,0.1717211651086583
2025-08-08 20:00,0.08017838485142757
2025-08-08 21:00,0.0
2025-08-08 22:00,0.01504981577416946
2025-08-08 23:00,0.005510804779530631
2025-08-09 00:00,0.15140525231651722
2025-08-09 01:00,0.14502978125686508
2025-08-09 02:00,0.22670057191537438
2025-08-09 03:00,0.7712904336337892
2025-08-09 04:00,0.4810204627165122
2025-08-09 05:00,0.8932236080845648
2025-08-09 06:00,1.6307290437884772
2025-08-09 07:00,0.7961550553271145
2025-08-09 08:00,2.314527696069066
2025-08-09 09:00,3.824889527112129
2025-08-09 10:00,3.4013279901334545
2025-08-09 11:00,3.803106337051574
2025-08-09 12:00,7.025470424066833
2025-08-09 13:00,9.162638554468748
2025-08-09 14:00,12.129507054720941
2025-08-09 15:00,19.223096525508954
2025-08-09 16:00,25.132621381647635
2025-08-09 17:00,25.100747823430467
2025-08-09 18:00,30.168907216768243
2025-08-09 19:00,30.516799523434695
2025-08-09 20:00,33.86794169058151
2025-08-09 21:00,30.098236652983648
2025-08-09 22:00,28.977771821354086
2025-08-09 23:00,35.87864088318789
2025-08-10 00:00,18.722475162322283
2025-08-10 01:00,19.96838566144937
2025-08-10 02:00,20.46223858274559
2025-08-10 03:00,22.22435694857172
2025-08-10 04:00,26.47203783329826
2025-08-10 05:00,28.51344667303773
2025-08-10 06:00,31.83687061620438
2025-08-10 07:00,29.71374966196664
2025-08-10 08:00,31.052184625592048
2025-08-10 09:00,25.818311544535575
2025-08-10 10:00,20.163934195689407
2025-08-10 11:00,19.75855551274343
2025-08-10 12:00,20.96137632194622
2025-08-10 13:00,19.50630051186343
2025-08-10 14:00,16.181776850301716
2025-08-10 15:00,16.459898175020317
2025-08-10 16:00,15.717932905121424
2025-08-10 17:00,13.95172266674421
2025-08-10 18:00,8.10914991590368
2025-08-10 19:00,6.322437504362907
2025-08-10 20:00,2.6514745268319597
2025-08-10 21:00,1.811956377303461
2025-08-10 22:00,1.098393933267059
2025-08-10 23:00,0.3061342477648325
2025-08-11 00:00,0.05741778469884326
2025-08-11 01:00,0.030833373019303032
2025-08-11 02:00,0.1018940709502031
2025-08-11 03:00,0.16149702113673484
2025-08-11 04:00,0.16532561969087595
2025-08-11 05:00,0.032476161944115296
2025-08-11 06:00,0.3751158091626224
2025-08-11 07:00,0.07406171051892421
2025-08-11 08:00,0.5247469685592937
2025-08-11 09:00,0.472101179851738
2025-08-11 10:00,1.9608323340364324
2025-08-11 11:00,1.8428439785946493
2025-08-11 12:00,6.712123528406892
2025-08-11 13:00,5.873946592590013
2025-08-11 14:00,7.476059098116184
2025-08-11 15:00,10.33747269843875
2025-08-11 16:00,12.022597737820199
2025-08-11 17:00,9.550936325268228
2025-08-11 18:00,6.968885459325634
2025-08-11 19:00,5.795516212889857
2025-08-11 20:00,4.9953721079349735
2025-08-11 21:00,6.186842899688767
2025-08-11 22:00,3.595302465943993
2025-08-11 23:00,2.607205127484117
2025-08-12 00:00,0.06629047999592542
2025-08-12 01:00,0.16988345143290096
2025-08-12 02:00,0.6154917955507045
2025-08-12 03:00,0.8396252758485714
2025-08-12 04:00,0.9525476663377682
2025-08-12 05:00,1.4679526444024982
2025-08-12 06:00,1.62010586800898
2025-08-12 07:00,1.5702913683826623
2025-08-12 08:00,2.2171078057268208
2025-08-12 09:00,1.4476304752330404
2025-08-12 10:00,2.391421014415395
2025-08-12 11:00,3.508029846717958
2025-08-12 12:00,3.8876133890375884
2025-08-12 13:00,3.9506523343375477
2025-08-12 14:00,8.72950223360557
2025-08-12 15:00,10.381910239998634
2025-08-12 16:00,12.731093501338554
2025-08-12 17:00,16.70943054874171
2025-08-12 18:00,20.93593961352955
2025-08-12 19:00,22.900783905453284
2025-08-12 20:00,22.78154986178264
2025-08-12 21:00,24.59501625568033
2025-08-12 22:00,27.81967321418161
2025-08-12 23:00,28.42859077277652
2025-08-13 00:00,31.07455767223496
2025-08-13 01:00,31.519573596152764
2025-08-13 02:00,32.98921012876961
2025-08-13 03:00,33.284752073941
2025-08-13 04:00,37.600476418646025
2025-08-13 05:00,39.3227370041908
2025-08-13 06:00,41.69424514651374
2025-08-13 07:00,41.21523117392174
2025-08-13 08:00,41.36410114340975
2025-08-13 09:00,39.06988282761615
2025-08-13 10:00,36.92656435663958
2025-08-13 11:00,37.995928793021655
2025-08-13 12:00,38.866368398047456
2025-08-13 13:00,38.35288636972765
2025-08-13 14:00,39.42272460501812
2025-08-13 15:00,36.858475875331
2025-08-13 16:00,35.3734401280982
2025-08-13 17:00,30.294047258632265
2025-08-13 18:00,28.908156195262592
2025-08-13 19:00,26.327655164683282
2025-08-13 20:00,24.98919887124443
2025-08-13 21:00,18.08581286760732
2025-08-13 22:00,14.932495662801296
2025-08-13 23:00,14.395499302382087
2025-08-14 00:00,18.887577500839647
2025-08-14 01:00,18.332196843695954
2025-08-14 02:00,18.620419985568393
2025-08-14 03:00,15.429836465653018
2025-08-14 04:00,13.555004392897033
2025-08-14 05:00,12.075209401257743
2025-08-14 06:00,10.897633716992255
2025-08-14 07:00,11.799972323156096
2025-08-14 08:00,8.65420485958771
2025-08-14 09:00,8.306967724614998
2025-08-14 10:00,6.744529315888788
2025-08-14 11:00,7.200249604998324
2025-08-14 12:00,8.017993270813298
2025-08-14 13:00,7.480871906352552
2025-08-14 14:00,7.680726246545102
2025-08-14 15:00,9.631517928151084
2025-08-14 16:00,9.422498448660008
2025-08-14 17:00,11.054526395266796
2025-08-14 18:00,10.450315286759258
2025-08-14 19:00,8.071327921320908
2025-08-14 20:00,4.591177992002336
2025-08-14 21:00,3.222100575420969
2025-08-14 22:00,2.5273340947919523
2025-08-14 23:00,1.6594441973675156
2025-08-15 00:00,0.0
2025-08-15 01:00,0.24774192254168625
2025-08-15 02:00,0.3182848566738205
2025-08-15 03:00,0.25610132316646816
2025-08-15 04:00,0.5971182866345566
2025-08-15 05:00,0.983794146543571
2025-08-15 06:00,0.8295174839910051
2025-08-15 07:00,0.44821205638512457
2025-08-15 08:00,0.2571591800339452
2025-08-15 09:00,0.13058692791805568
2025-08-15 10:00,0.26441720498155824
2025-08-15 11:00,0.5224092776159044
2025-08-15 12:00,1.145831908340021
2025-08-15 13:00,1.637692520220293
2025-08-15 14:00,1.5453177512139336
2025-08-15 15:00,2.3258126830663137
2025-08-15 16:00,2.632727483835071
2025-08-15 17:00,1.784360492130884
2025-08-15 18:00,1.2837734323270225
2025-08-15 19:00,0.31182346121906207
2025-08-15 20:00,0.11822918462021996
2025-08-15 21:00,0.1411734684499405
2025-08-15 22:00,0.015580952278918585
2025-08-15 23:00,0.0
2025-08-16 00:00,0.07342414950881078
2025-08-16 01:00,0.07771561989937496
2025-08-16 02:00,0.08461472452127793
2025-08-16 03:00,0.0
2025-08-16 04:00,0.0057763030157632
2025-08-16 05:00,0.2249528712632719
2025-08-16 06:00,0.28805040078499095
2025-08-16 07:00,0.21406344263636565
2025-08-16 08:00,0.0
2025-08-16 09:00,0.02711387843733683
2025-08-16 10:00,0.0015139062843075963
2025-08-16 11:00,0.2803541949460086
2025-08-16 12:00,0.6650044032047918
2025-08-16 13:00,1.4688196066622465
2025-08-16 14:00,1.9080271460998803
2025-08-16 15:00,2.3687758199818565
2025-08-16 16:00,2.299636180062135
2025-08-16 17:00,1.4715989839380008
2025-08-16 18:00,0.8112269984779834
2025-08-16 19:00,0.31612841919598433
2025-08-16 20:00,0.09609416600579825
2025-08-16 21:00,0.1349205810294036
2025-08-16 22:00,0.2845027112051088
2025-08-16 23:00,0.4173945080055646
2025-08-17 00:00,0.5195277116856758
2025-08-17 01:00,0.5105920748607803
2025-08-17 02:00,0.7555290337001379
2025-08-17 03:00,1.3410550492623996
2025-08-17 04:00,1.0855670269117823
2025-08-17 05:00,0.9220059204682908
2025-08-17 06:00,1.3937524144359257
2025-08-17 07:00,0.5236381670518759
2025-08-17 08:00,0.16569410615671834
2025-08-17 09:00,0.11849342708588119
2025-08-17 10:00,0.22600497237209158
2025-08-17 11:00,0.1700925076616869
2025-08-17 12:00,0.37369579367676176
2025-08-17 13:00,0.6561189270602331
2025-08-17 14:00,1.0854322963662744
2025-08-17 15:00,1.9391649964847648
2025-08-17 16:00,2.049251216159569
2025-08-17 17:00,1.506154038875274
2025-08-17 18:00,1.1896977042133428
2025-08-17 19:00,0.47767270851949634
2025-08-17 20:00,0.19072900486995492
2025-08-17 21:00,0.5162700298685782
2025-08-17 22:00,0.3113942447715385
2025-08-17 23:00,0.2521403313076495
2025-08-18 00:00,0.029031254883514063
2025-08-18 01:00,0.02471694602109309
2025-08-18 02:00,0.48712117979210184
2025-08-18 03:00,0.5952950871211037
2025-08-18 04:00,0.3890279687925864
2025-08-18 05:00,0.5694018971841271
2025-08-18 06:00,0.44499435995178843
2025-08-18 07:00,0.4937439444900258
2025-08-18 08:00,0.376112174662379
2025-08-18 09:00,0.17817835635556736
2025-08-18 10:00,0.11706957115094348
2025-08-18 11:00,0.2523810132395136
2025-08-18 12:00,0.9031756618907036
2025-08-18 13:00,0.95268538341591
2025-08-18 14:00,2.2029507042522036
2025-08-18 15:00,3.199250734446864
2025-08-18 16:00,2.3894926734854214
2025-08-18 17:00,1.885661998279134
2025-08-18 18:00,1.2921353926781323
2025-08-18 19:00,0.8652412686126868
2025-08-18 20:00,0.6415717962875204
2025-08-18 21:00,0.3051859480021853
2025-08-18 22:00,0.42721355658515064
2025-08-18 23:00,0.44743181520432973
2025-08-19 00:00,1.5507169471006996
2025-08-19 01:00,2.0413191228085052
2025-08-19 02:00,2.650499296793669
2025-08-19 03:00,2.997929292063933
2025-08-19 04:00,3.201867908370669
2025-08-19 05:00,4.122815605875963
2025-08-19 06:00,4.744513747219842
2025-08-19 07:00,5.294049597973713
2025-08-19 08:00,4.427721116300619
2025-08-19 09:00,4.2806501260710315
2025-08-19 10:00,4.3105981559423805
2025-08-19 11:00,5.7179939393108326
2025-08-19 12:00,6.787071427812173
2025-08-19 13:00,7.155211385635108
2025-08-19 14:00,6.208200728348854
2025-08-19 15:00,6.963764674507504
2025-08-19 16:00,8.120602840317657
2025-08-19 17:00,8.811226203154309
2025-08-19 18:00,6.786687267687593
2025-08-19 19:00,4.167327696892771
2025-08-19 20:00,2.645615700300473
2025-08-19 21:00,1.3574085351890348
2025-08-19 22:00,1.1464174713399593
2025-08-19 23:00,0.8691106432145551
2025-08-20 00:00,3.432755213211976
2025-08-20 01:00,3.449511143283591
2025-08-20 02:00,3.513135144466545
2025-08-20 03:00,3.096201065263369
2025-08-20 04:00,2.349645255346951
2025-08-20 05:00,1.9755944204796874
2025-08-20 06:00,2.496146716814533
2025-08-20 07:00,1.3457451590954788
2025-08-20 08:00,1.216495396407223
2025-08-20 09:00,1.7730405537013538
2025-08-20 10:00,3.395656241973168
2025-08-20 11:00,4.6020462993700475
2025-08-20 12:00,5.318971571983945
2025-08-20 13:00,6.417424399037093
2025-08-20 14:00,6.2025470737583275
2025-08-20 15:00,5.316746704081069
2025-08-20 16:00,4.238098933393949
2025-08-20 17:00,2.6178887010128795
2025-08-20 18:00,1.7436125401998
2025-08-20 19:00,0.6455373119041218
2025-08-20 20:00,0.1788753976638013
2025-08-20 21:00,0.076823674855808
2025-08-20 22:00,0.03484094045753204
2025-08-20 23:00,0.005509472969969613
2025-08-21 00:00,0.008355581179254569
2025-08-21 01:00,0.02123197967908215
2025-08-21 02:00,0.12872934313402767
2025-08-21 03:00,0.24200158257438373
2025-08-21 04:00,0.33804197753771054
2025-08-21 05:00,0.1823523151441985
2025-08-21 06:00,0.3384446318842384
2025-08-21 07:00,0.41502840464244545
2025-08-21 08:00,0.1604886430904876
2025-08-21 09:00,0.0
2025-08-21 10:00,0.0
2025-08-21 11:00,0.0
2025-08-21 12:00,0.2496342963334871
2025-08-21 13:00,0.6028518001787736
2025-08-21 14:00,0.46057902559736213
2025-08-21 15:00,2.091635808904955
2025-08-21 16:00,2.0303884540759687
2025-08-21 17:00,1.9889794313444875
2025-08-21 18:00,1.5962115732207476
2025-08-21 19:00,0.8454454368505697
2025-08-21 20:00,0.20635905736054974
2025-08-21 21:00,0.14407918077813378
2025-08-21 22:00,0.025340605359396584
2025-08-21 23:00,0.11449467505704203
2025-08-22 00:00,0.22078084244611662
2025-08-22 01:00,0.2757853458585142
2025-08-22 02:00,0.03037736760290902
2025-08-22 03:00,0.1918311570679139
2025-08-22 04:00,0.08844379998961183
2025-08-22 05:00,0.0670693128939081
2025-08-22 06:00,0.12191302346965177
2025-08-22 07:00,0.02547564943898838
2025-08-22 08:00,0.03969227407104479
2025-08-22 09:00,0.21821363763969834
2025-08-22 10:00,0.3290091657526444
2025-08-22 11:00,0.34800599895093987
2025-08-22 12:00,0.7079224470532179
2025-08-22 13:00,1.00840151654381
2025-08-22 14:00,1.443916568404371
2025-08-22 15:00,1.6438080560234296
2025-08-22 16:00,1.549927349101533
2025-08-22 17:00,0.8426479304464563
2025-08-22 18:00,0.477525632971404
2025-08-22 19:00,0.4537513831258737
2025-08-22 20:00,0.19442619106118886
2025-08-22 21:00,0.14199164189381674
2025-08-22 22:00,0.27260850756168187
2025-08-22 23:00,0.14501641137526108
2025-08-23 00:00,0.09387605050374842
2025-08-23 01:00,0.04562864589429463
2025-08-23 02:00,0.05702174577186878
2025-08-23 03:00,0.0
2025-08-23 04:00,0.028536910022945356
2025-08-23 05:00,0.0130974505377904
2025-08-23 06:00,0.09968330776544908
2025-08-23 07:00,0.0
2025-08-23 08:00,0.0
2025-08-23 09:00,0.08682777155837738
2025-08-23 10:00,0.0
2025-08-23 11:00,0.10437999129511465
2025-08-23 12:00,0.16474536730449119
2025-08-23 13:00,0.25966773959834893
2025-08-23 14:00,0.4631374933712597
2025-08-23 15:00,0.8475539541445034
2025-08-23 16:00,1.2012475106683036
2025-08-23 17:00,1.2317633721169177
2025-08-23 18:00,0.8980033452602921
2025-08-23 19:00,0.41376737504002675
2025-08-23 20:00,0.25027451691328345
2025-08-23 21:00,0.18026744061436584
2025-08-23 22:00,0.04241180839660035
2025-08-23 23:00,0.1580388063559451
2025-08-24 00:00,0.04124791623089799
2025-08-24 01:00,0.06982292675827663
2025-08-24 02:00,0.09256742799386425
2025-08-24 03:00,0.3073434118443233
2025-08-24 04:00,0.1770238413196
2025-08-24 05:00,0.32429048529756027
2025-08-24 06:00,0.8223038748167174
2025-08-24 07:00,0.7520687295358203
2025-08-24 08:00,0.4864069729943075
2025-08-24 09:00,1.0161080629895027
2025-08-24 10:00,2.3639141973857813
2025-08-24 11:00,1.4513860220164172
2025-08-24 12:00,2.047076847862423
2025-08-24 13:00,2.129337066197432
2025-08-24 14:00,2.820649741371403
2025-08-24 15:00,3.0184210341584277
2025-08-24 16:00,1.9964437036587646
2025-08-24 17:00,1.3122686757701851
2025-08-24 18:00,1.0544315215855204
2025-08-24 19:00,0.6391021800492293
2025-08-24 20:00,0.466036216871587
2025-08-24 21:00,0.2055131861640267
2025-08-24 22:00,0.22162413041566723
2025-08-24 23:00,0.2580919638361662
2025-08-25 00:00,1.481822247514435
2025-08-25 01:00,1.912766972972922
2025-08-25 02:00,0.9607938280491606
2025-08-25 03:00,1.3151859563355865
2025-08-25 04:00,1.1771129214754432
2025-08-25 05:00,1.985597093465388
2025-08-25 06:00,2.905719939888097
2025-08-25 07:00,2.721901824670134
2025-08-25 08:00,3.226825877598239
2025-08-25 09:00,3.047828853468948
2025-08-25 10:00,4.492747915196827
2025-08-25 11:00,7.06406734697924
2025-08-25 12:00,8.57371586004659
2025-08-25 13:00,10.173760492447263
2025-08-25 14:00,13.42169154013712
2025-08-25 15:00,15.527005985466387
2025-08-25 16:00,17.42083305526396
2025-08-25 17:00,22.61015521516575
2025-08-25 18:00,23.648966859551063
2025-08-25 19:00,24.22332187324361
2025-08-25 20:00,24.578851186831518
2025-08-25 21:00,25.094868540789705
2025-08-25 22:00,23.640757520331714
2025-08-25 23:00,23.52447372359421
2025-08-26 00:00,30.265730865717472
2025-08-26 01:00,32.344440811870754
2025-08-26 02:00,34.762011367033665
2025-08-26 03:00,36.92240617255057
2025-08-26 04:00,36.97449708895374
2025-08-26 05:00,35.30440921439978
2025-08-26 06:00,34.3038325442463
2025-08-26 07:00,30.136391691995698
2025-08-26 08:00,26.471588895793378
2025-08-26 09:00,22.618663557721913
2025-08-26 10:00,18.36785412343485
2025-08-26 11:00,19.000274892860553
2025-08-26 12:00,16.0633959616889
2025-08-26 13:00,12.424258251259753
2025-08-26 14:00,7.851071137252547
2025-08-26 15:00,6.392574372563739
2025-08-26 16:00,5.770964655188311
2025-08-26 17:00,2.669834161405339
2025-08-26 18:00,2.465228603371469
2025-08-26 19:00,4.115895846175786
2025-08-26 20:00,3.729981377432427
2025-08-26 21:00,2.4544795589521566
2025-08-26 22:00,3.2856281282234128
2025-08-26 23:00,2.5414323556407
2025-08-27 00:00,1.0571509965062327
2025-08-27 01:00,1.4409903693328232
2025-08-27 02:00,1.5840035487654847
2025-08-27 03:00,1.3964124281777062
2025-08-27 04:00,0.6702974359159407
2025-08-27 05:00,0.6652889706570284
2025-08-27 06:00,0.6938150256231522
2025-08-27 07:00,0.1510865197945698
2025-08-27 08:00,0.17678308383690533
2025-08-27 09:00,0.0
2025-08-27 10:00,0.0
2025-08-27 11:00,0.031115627267608744
2025-08-27 12:00,0.033645541317812666
2025-08-27 13:00,0.0
2025-08-27 14:00,0.15124714409173393
2025-08-27 15:00,0.9720023544363953
2025-08-27 16:00,0.5531478802881992
2025-08-27 17:00,0.6551772349550875
2025-08-27 18:00,0.4039315590986539
2025-08-27 19:00,0.18040250121157356
2025-08-27 20:00,0.07932018192187863
2025-08-27 21:00,0.13991371519478496
2025-08-27 22:00,0.3266718201259065
2025-08-27 23:00,0.10265266974576076
2025-08-28 00:00,1.6746477424207915
2025-08-28 01:00,1.2649866488890373
2025-08-28 02:00,1.5444541241685155
2025-08-28 03:00,4.018874905297063
2025-08-28 04:00,6.742623855025369
2025-08-28 05:00,8.29396150891908
2025-08-28 06:00,10.560016862251652
2025-08-28 07:00,10.45253974434686
2025-08-28 08:00,11.025208620599967
2025-08-28 09:00,11.619510430621778
2025-08-28 10:00,12.196474999665156
2025-08-28 11:00,12.112466733401483
2025-08-28 12:00,12.09131192370021
2025-08-28 13:00,12.418453645152923
2025-08-28 14:00,13.176623950244897
2025-08-28 15:00,15.071447639643802
2025-08-28 16:00,15.789727921986072
2025-08-28 17:00,15.70648881054033
2025-08-28 18:00,14.323746457762816
2025-08-28 19:00,11.14083029540322
2025-08-28 20:00,9.251447467204313
2025-08-28 21:00,7.817789156643816
2025-08-28 22:00,8.42510465636809
2025-08-28 23:00,7.128177731901279
2025-08-29 00:00,9.168961768053821
2025-08-29 01:00,9.260846057970792
2025-08-29 02:00,6.8265274824093325
2025-08-29 03:00,6.865767243251369
2025-08-29 04:00,6.987301380418802
2025-08-29 05:00,5.357281440632417
2025-08-29 06:00,5.486215903443763
2025-08-29 07:00,3.7716484224676616
2025-08-29 08:00,4.403409024839065
2025-08-29 09:00,4.755498753789959
2025-08-29 10:00,5.2103663100760285
2025-08-29 11:00,5.740441289841986
2025-08-29 12:00,4.189134706940475
2025-08-29 13:00,4.268172128246815
2025-08-29 14:00,3.1700001085499157
2025-08-29 15:00,3.7192114698494314
2025-08-29 16:00,3.099583260082703
2025-08-29 17:00,2.9971305258192853
2025-08-29 18:00,1.6383834192476148
2025-08-29 19:00,0.9124524548715764
2025-08-29 20:00,0.6861629726513887
2025-08-29 21:00,0.6495403207154954
2025-08-29 22:00,0.4903616574352924
2025-08-29 23:00,0.4378555420435997
2025-08-30 00:00,0.5153241390978306
2025-08-30 01:00,0.8585570361511178
2025-08-30 02:00,1.2243189558456546
2025-08-30 03:00,2.5445777555400095
2025-08-30 04:00,3.379790764947155
2025-08-30 05:00,3.5272452843076376
2025-08-30 06:00,2.5596477398307225
2025-08-30 07:00,1.2845321023702307
2025-08-30 08:00,0.12827556233173124
2025-08-30 09:00,0.14907974602540952
2025-08-30 10:00,0.1328892943529196
2025-08-30 11:00,0.2110386823762036
2025-08-30 12:00,0.6731419362834362
2025-08-30 13:00,1.7756702243083684
2025-08-30 14:00,1.7759575793706361
2025-08-30 15:00,2.303180749772755
2025-08-30 16:00,2.3572505386685
2025-08-30 17:00,1.8591609550116444
2025-08-30 18:00,0.879486711253097
2025-08-30 19:00,0.2730634812489133
2025-08-30 20:00,0.00285333091705845
2025-08-30 21:00,0.021585080229259465
2025-08-30 22:00,0.03487291255166248
2025-08-30 23:00,0.11475756653121509
2025-08-31 00:00,0.0
2025-08-31 01:00,0.0
2025-08-31 02:00,0.053013666157795326
2025-08-31 03:00,0.09949487010912988
2025-08-31 04:00,0.11122374896392696
2025-08-31 05:00,0.7071925370997846
2025-08-31 06:00,1.3073425104745378
2025-08-31 07:00,3.7076026687043453
2025-08-31 08:00,2.6847347569347
2025-08-31 09:00,2.580254353991178
2025-08-31 10:00,3.3891831011042726
2025-08-31 11:00,2.3293466957789537
2025-08-31 12:00,5.509537484060395
2025-08-31 13:00,8.540296408755092
2025-08-31 14:00,10.30838705536104
2025-08-31 15:00,14.29867804594432
2025-08-31 16:00,15.014931855727113
2025-08-31 17:00,12.005034176580727
2025-08-31 18:00,14.494314181923704
2025-08-31 19:00,13.846513086935309
2025-08-31 20:00,12.889020962798627
2025-08-31 21:00,14.155658665890476
2025-08-31 22:00,15.735495452016162
2025-08-31 23:00,16.66364403089369
2025-09-01 00:00,11.656363825645867
2025-09-01 01:00,11.38971731542919
2025-09-01 02:00,11.683392657911254
2025-09-01 03:00,12.743755703272761
2025-09-01 04:00,15.289054829470274
2025-09-01 05:00,17.901015577743127
2025-09-01 06:00,22.003218994066774
2025-09-01 07:00,24.367945426801455
2025-09-01 08:00,23.21388936336056
2025-09-01 09:00,25.398662240104716
2025-09-01 10:00,25.01875557894158
2025-09-01 11:00,33.30093298791697
2025-09-01 12:00,32.11535545222787
2025-09-01 13:00,31.087671878445672
2025-09-01 14:00,31.096081572709938
2025-09-01 15:00,28.60863083168266
2025-09-01 16:00,27.750943679218697
2025-09-01 17:00,19.58335027354564
2025-09-01 18:00,19.06403934361752
2025-09-01 19:00,15.814312047035122
2025-09-01 20:00,10.179934146002202
2025-09-01 21:00,11.1785945693483
2025-09-01 22:00,7.344866839485026
2025-09-01 23:00,4.274945251909524
2025-09-02 00:00,0.4400276959967007
2025-09-02 01:00,0.8547031819930462
2025-09-02 02:00,1.1184922144109544
2025-09-02 03:00,0.972071018681225
2025-09-02 04:00,0.8319456186962046
2025-09-02 05:00,1.010666842660952
2025-09-02 06:00,0.6075349707514608
2025-09-02 07:00,0.3960554093634013
2025-09-02 08:00,0.2863327622671459
2025-09-02 09:00,0.11556743354385933
2025-09-02 10:00,0.10492285888661552
2025-09-02 11:00,0.09775394247666173
2025-09-02 12:00,0.35191342988976376
2025-09-02 13:00,0.6435340066290213
2025-09-02 14:00,0.7044703857938933
2025-09-02 15:00,1.6576063206503704
2025-09-02 16:00,1.08382656707488
2025-09-02 17:00,0.49087539276805536
2025-09-02 18:00,1.0615051542775416
2025-09-02 19:00,0.5947297413701804
2025-09-02 20:00,0.6287862864159081
2025-09-02 21:00,0.6113103659315581
2025-09-02 22:00,0.5297143218525785
2025-09-02 23:00,0.5070521505117768
2025-09-03 00:00,0.10123394228918758
2025-09-03 01:00,0.0
2025-09-03 02:00,0.04426374091165547
2025-09-03 03:00,0.06078566878113437
2025-09-03 04:00,0.09592141016105397
2025-09-03 05:00,0.16145067672553942
2025-09-03 06:00,0.05827562829944657
2025-09-03 07:00,0.06482895036706109
2025-09-03 08:00,0.16304428358515122
2025-09-03 09:00,0.006961249936247531
2025-09-03 10:00,0.011865199197096351
2025-09-03 11:00,0.0
2025-09-03 12:00,0.15973458097191398
2025-09-03 13:00,0.16710880635003686
2025-09-03 14:00,0.09298671344847369
2025-09-03 15:00,0.771172175679992
2025-09-03 16:00,0.8994508622998523
2025-09-03 17:00,0.9864450517972484
2025-09-03 18:00,0.8206530601652999
2025-09-03 19:00,0.23440992227362312
2025-09-03 20:00,0.17913805383793846
2025-09-03 21:00,0.351611803203902
2025-09-03 22:00,0.023094879679974808
2025-09-03 23:00,0.354540566817624
2025-09-04 00:00,0.10398969838780946
2025-09-04 01:00,0.3259077793927602
2025-09-04 02:00,0.28836409307461947
2025-09-04 03:00,0.8304846572286751
2025-09-04 04:00,0.9282437530154678
2025-09-04 05:00,0.9958301425172698
2025-09-04 06:00,1.124722767367343
2025-09-04 07:00,2.1150570737762364
2025-09-04 08:00,1.89103338373918
2025-09-04 09:00,2.1851454153503957
2025-09-04 10:00,2.0421897144425394
2025-09-04 11:00,2.0276535579325006
2025-09-04 12:00,3.8984240254573073
2025-09-04 13:00,5.344153912623425
2025-09-04 14:00,5.650751328200259
2025-09-04 15:00,6.934544096844629
2025-09-04 16:00,7.148221106458789
2025-09-04 17:00,8.137398276286193
2025-09-04 18:00,8.265977973457346
2025-09-04 19:00,7.27579805068605
2025-09-04 20:00,5.5425618162241905
2025-09-04 21:00,3.6371566418245194
2025-09-04 22:00,2.9042935475865623
2025-09-04 23:00,2.017001841285438
2025-09-05 00:00,0.8662489115238609
2025-09-05 01:00,0.6690239818148846
2025-09-05 02:00,0.5120167106533607
2025-09-05 03:00,0.621594615453713
2025-09-05 04:00,0.49911812359112356
2025-09-05 05:00,0.49510324283532015
2025-09-05 06:00,0.18558430611687982
2025-09-05 07:00,0.39570981363835517
2025-09-05 08:00,0.12370800268488603
2025-09-05 09:00,0.26028377830583077
2025-09-05 10:00,0.09100230797961972
2025-09-05 11:00,0.08529472985895038
2025-09-05 12:00,0.5000288563634291
2025-09-05 13:00,1.0688873866476796
2025-09-05 14:00,1.7043060548001474
2025-09-05 15:00,2.3905100932991115
2025-09-05 16:00,1.8742308650832005
2025-09-05 17:00,1.7827128553156666
2025-09-05 18:00,1.9966635437907063
2025-09-05 19:00,1.6071873251214657
2025-09-05 20:00,1.4680345388037477
2025-09-05 21:00,2.0546643151649504
2025-09-05 22:00,2.1389585255340244
2025-09-05 23:00,2.4982265804241455
2025-09-06 00:00,17.377692529354462
2025-09-06 01:00,16.809174755985328
2025-09-06 02:00,16.04054428849035
2025-09-06 03:00,15.651065318274002
2025-09-06 04:00,19.96392954114819
2025-09-06 05:00,21.60514507520155
2025-09-06 06:00,24.313364682837015
2025-09-06 07:00,23.156110212624423
2025-09-06 08:00,24.67390184171337
2025-09-06 09:00,24.083757102005517
2025-09-06 10:00,22.908976521695966
2025-09-06 11:00,24.387867851635264
2025-09-06 12:00,26.477858246767127
2025-09-06 13:00,25.934162638424606
2025-09-06 14:00,25.871036049317052
2025-09-06 15:00,26.232932827961353
2025-09-06 16:00,26.008786682280515
2025-09-06 17:00,25.863711481722135
2025-09-06 18:00,26.45704081651138
2025-09-06 19:00,28.08603728345334
2025-09-06 20:00,25.57251392536143
2025-09-06 21:00,24.797100448840585
2025-09-06 22:00,24.458525821565303
2025-09-06 23:00,22.26277339755552
2025-09-07 00:00,28.278984229165427
2025-09-07 01:00,28.588025170336934
2025-09-07 02:00,27.631175816457553
2025-09-07 03:00,27.48824684517517
2025-09-07 04:00,22.082224246395622
2025-09-07 05:00,13.23858479704464
2025-09-07 06:00,12.492302250110763
2025-09-07 07:00,8.629547945385502
2025-09-07 08:00,7.188883418732341
2025-09-07 09:00,4.306585645675238
2025-09-07 10:00,2.155995625812757
2025-09-07 11:00,0.9596936152201714
2025-09-07 12:00,0.7856613019607094
2025-09-07 13:00,1.0609372908442725
2025-09-07 14:00,1.5539984127853745
2025-09-07 15:00,1.3680877797077589
2025-09-07 16:00,1.7114153790819666
2025-09-07 17:00,1.164494204795923
2025-09-07 18:00,1.5007875510643407
2025-09-07 19:00,1.5068970467277314
2025-09-07 20:00,1.1871828093789116
2025-09-07 21:00,0.7797927196658408
2025-09-07 22:00,0.6225093684790529
2025-09-07 23:00,0.5083432158890857
2025-09-08 00:00,0.4105956680872236
2025-09-08 01:00,0.37565784136878017
2025-09-08 02:00,0.48831670370079144
2025-09-08 03:00,0.2832554598057572
2025-09-08 04:00,0.601273556667082
2025-09-08 05:00,1.1469768885086171
2025-09-08 06:00,1.302314370592634
2025-09-08 07:00,0.8298539683445055
2025-09-08 08:00,0.5561176412386429
2025-09-08 09:00,0.6253779449836355
2025-09-08 10:00,2.952787646474976
2025-09-08 11:00,1.2281683527578817
2025-09-08 12:00,1.6430945117835816
2025-09-08 13:00,0.8077864601975357
2025-09-08 14:00,1.4321904245809662
2025-09-08 15:00,0.7025056070996673
2025-09-08 16:00,0.0
2025-09-08 17:00,0.008889594588962477
2025-09-08 18:00,0.10680167980275605
2025-09-08 19:00,0.8809602771407766
2025-09-08 20:00,1.411879526016192
2025-09-08 21:00,0.8816024953558754
2025-09-08 22:00,2.1745480821202143
2025-09-08 23:00,2.395653611394177
2025-09-09 00:00,4.939479965221076
2025-09-09 01:00,4.261226657457134
2025-09-09 02:00,4.328479169683486
2025-09-09 03:00,7.48623093525579
2025-09-09 04:00,6.124095311657068
2025-09-09 05:00,7.05196058598229
2025-09-09 06:00,4.942088969212337
2025-09-09 07:00,4.564525227466531
2025-09-09 08:00,8.44125549866861
2025-09-09 09:00,7.772881869714783
2025-09-09 10:00,6.98277744978083
2025-09-09 11:00,8.631103189311327
2025-09-09 12:00,10.49672158503182
2025-09-09 13:00,12.642394080137182
2025-09-09 14:00,16.694528097704335
2025-09-09 15:00,13.899145046837164
2025-09-09 16:00,13.085553678233213
2025-09-09 17:00,10.933462358595662
2025-09-09 18:00,7.502880622767269
2025-09-09 19:00,8.85884143602057
2025-09-09 20:00,4.19293104468578
2025-09-09 21:00,2.2534575860443002
2025-09-09 22:00,0.8097258557714112
2025-09-09 23:00,0.6119866779924372
2025-09-10 00:00,1.1768727183264736
2025-09-10 01:00,1.1089225752194685
2025-09-10 02:00,2.879136531175543
2025-09-10 03:00,3.836289236412314
2025-09-10 04:00,5.1346952801659125
2025-09-10 05:00,6.086283392990839
2025-09-10 06:00,8.41631727996227
2025-09-10 07:00,8.98456553430789
2025-09-10 08:00,9.071476693308053
2025-09-10 09:00,9.460877635871833
2025-09-10 10:00,8.876811168152406
2025-09-10 11:00,9.91601499816735
2025-09-10 12:00,11.148374683336412
2025-09-10 13:00,11.172431098679802
2025-09-10 14:00,7.977375437897273
2025-09-10 15:00,10.051179944364371
2025-09-10 16:00,10.446816258241563
2025-09-10 17:00,12.126906382010963
2025-09-10 18:00,12.113431866430032
2025-09-10 19:00,12.545421143494027
2025-09-10 20:00,12.020624996103235
2025-09-10 21:00,10.802569744290698
2025-09-10 22:00,7.600694745878506
2025-09-10 23:00,5.656695719300404
2025-09-11 00:00,0.6507027534789344
2025-09-11 01:00,0.19348350400123612
2025-09-11 02:00,0.4095991738029185
2025-09-11 03:00,0.0
2025-09-11 04:00,0.2650491076744617
2025-09-11 05:00,0.9963539140187733
2025-09-11 06:00,1.7456563082651606
2025-09-11 07:00,2.860720779285328
2025-09-11 08:00,3.0159390764414873
2025-09-11 09:00,2.9474562842821856
2025-09-11 10:00,1.828043817208995
2025-09-11 11:00,1.5525473358007729
2025-09-11 12:00,1.0508511251267885
2025-09-11 13:00,1.9613050276850605
2025-09-11 14:00,2.1678181176244604
2025-09-11 15:00,1.8692924455252309
2025-09-11 16:00,3.184509244645365
2025-09-11 17:00,4.3313420659153925
2025-09-11 18:00,4.723844332409415
2025-09-11 19:00,5.268371415655876
2025-09-11 20:00,5.827494795758149
2025-09-11 21:00,5.840535374185788
2025-09-11 22:00,6.768638969229511
2025-09-11 23:00,7.0471412596853655
2025-09-12 00:00,5.907515712759671
2025-09-12 01:00,7.050726633205162
2025-09-12 02:00,8.020990984809837
2025-09-12 03:00,9.627579653327004
2025-09-12 04:00,11.085832223732176
2025-09-12 05:00,10.673687402200672
2025-09-12 06:00,11.94256984916368
2025-09-12 07:00,10.02486585763211
2025-09-12 08:00,8.421375809512364
2025-09-12 09:00,6.4097728467351045
2025-09-12 10:00,4.190248504792008
2025-09-12 11:00,3.5887324514567247
2025-09-12 12:00,4.944460566644898
2025-09-12 13:00,4.812520449944967
2025-09-12 14:00,6.403479101418166
2025-09-12 15:00,5.8587312391001065
2025-09-12 16:00,6.674714967604352
2025-09-12 17:00,5.971982460303857
2025-09-12 18:00,7.183982315613375
2025-09-12 19:00,10.104422717367
2025-09-12 20:00,9.33830177015709
2025-09-12 21:00,6.833788616457767
2025-09-12 22:00,9.562888148097274
2025-09-12 23:00,12.712653120321988
2025-09-13 00:00,43.72222445943575
2025-09-13 01:00,47.88864917973825
2025-09-13 02:00,50.81089779997581
2025-09-13 03:00,47.09224228393693
2025-09-13 04:00,45.62040066886101
2025-09-13 05:00,40.202995312532444
2025-09-13 06:00,41.22818434365491
2025-09-13 07:00,41.772665526114615
2025-09-13 08:00,40.00014661681714
2025-09-13 09:00,40.536993190658336
2025-09-13 10:00,38.71837997098381
2025-09-13 11:00,35.87166929035607
2025-09-13 12:00,24.552452098021035
2025-09-13 13:00,16.8973896619617
2025-09-13 14:00,13.421791831691737
2025-09-13 15:00,8.330757146368931
2025-09-13 16:00,3.4883534142705828
2025-09-13 17:00,1.269741908916285
2025-09-13 18:00,0.16251667012931997
2025-09-13 19:00,0.1445315940527793
2025-09-13 20:00,0.2038924621184417
2025-09-13 21:00,0.12424643241307216
2025-09-13 22:00,0.2086341325094673
2025-09-13 23:00,0.6251164673338162
2025-09-14 00:00,0.23279421671003767
2025-09-14 01:00,0.33705708441617527
2025-09-14 02:00,0.6467917888595464
2025-09-14 03:00,1.096849504813017
2025-09-14 04:00,1.1596020158848717
2025-09-14 05:00,1.0157701465287807
2025-09-14 06:00,1.1216692117042495
2025-09-14 07:00,0.4752057599871213
2025-09-14 08:00,0.09828671775200244
2025-09-14 09:00,0.0
2025-09-14 10:00,0.0
2025-09-14 11:00,0.21563043215451647
2025-09-14 12:00,0.5457742126410196
2025-09-14 13:00,0.6072342069137266
2025-09-14 14:00,0.4480292991627605
2025-09-14 15:00,0.9471101246324706
2025-09-14 16:00,1.2401641606335196
2025-09-14 17:00,1.1369402918311107
2025-09-14 18:00,0.8847739328343146
2025-09-14 19:00,0.8745100546376957
2025-09-14 20:00,0.672438346044462
2025-09-14 21:00,0.45682809420640647
2025-09-14 22:00,0.3637660436064014
2025-09-14 23:00,0.2714482521470987
2025-09-15 00:00,0.21562858911630597
2025-09-15 01:00,0.2508884100357574
2025-09-15 02:00,0.2876640721257418
2025-09-15 03:00,0.14785691578167245
2025-09-15 04:00,0.47913625418257216
2025-09-15 05:00,0.8634428648272484
2025-09-15 06:00,1.003729509277862
2025-09-15 07:00,0.39877460045679064
2025-09-15 08:00,0.3381165155146353
2025-09-15 09:00,0.5083081266996116
2025-09-15 10:00,0.1539007263241778
2025-09-15 11:00,0.13898128326833317
2025-09-15 12:00,0.11077978637818468
2025-09-15 13:00,0.0695289575412619
2025-09-15 14:00,0.21606160539288857
2025-09-15 15:00,0.2093901770370451
2025-09-15 16:00,0.10715245865659896
2025-09-15 17:00,0.1509961055092043
2025-09-15 18:00,0.39864041501254993
2025-09-15 19:00,0.3346257444366489
2025-09-15 20:00,0.24996994690571395
2025-09-15 21:00,0.10020279778425335
2025-09-15 22:00,0.4107893365927095
2025-09-15 23:00,0.4562850454476353
2025-09-16 00:00,0.21354001122953972
2025-09-16 01:00,0.2328684997314796
2025-09-16 02:00,0.1835419977499022
2025-09-16 03:00,0.30316535495637625
2025-09-16 04:00,0.38238684173099213
2025-09-16 05:00,0.3880810296521715
2025-09-16 06:00,0.3597217981806388
2025-09-16 07:00,0.20659020332736844
2025-09-16 08:00,0.6617712949401132
2025-09-16 09:00,1.3651743000594474
2025-09-16 10:00,1.971289043758058
2025-09-16 11:00,2.6941137949955816
2025-09-16 12:00,5.867476593606821
2025-09-16 13:00,8.069535910902149
2025-09-16 14:00,9.703357356235585
2025-09-16 15:00,12.222510041562167
2025-09-16 16:00,12.894684396717478
2025-09-16 17:00,15.838049926692102
2025-09-16 18:00,17.27565372662862
2025-09-16 19:00,14.043311328393452
2025-09-16 20:00,13.446747212945178
2025-09-16 21:00,11.398647014777188
2025-09-16 22:00,10.677718187034353
2025-09-16 23:00,10.272621885662156
2025-09-17 00:00,17.952246885785474
2025-09-17 01:00,17.18873422358791
2025-09-17 02:00,16.693324546669803
2025-09-17 03:00,17.98704893636135
2025-09-17 04:00,15.801808430710695
2025-09-17 05:00,16.668902064654958
2025-09-17 06:00,16.6050272797288
2025-09-17 07:00,19.59135597238572
2025-09-17 08:00,18.858571167425634
2025-09-17 09:00,18.775200054960106
2025-09-17 10:00,20.37924338712877
2025-09-17 11:00,23.61042806652964
2025-09-17 12:00,25.13529899422197
2025-09-17 13:00,23.720655773974784
2025-09-17 14:00,24.021452918358268
2025-09-17 15:00,20.180908049024108
2025-09-17 16:00,17.725038088370678
2025-09-17 17:00,21.983507571548312
2025-09-17 18:00,20.52768669138089
2025-09-17 19:00,22.33563177984884
2025-09-17 20:00,21.85112385488223
2025-09-17 21:00,20.794781283893826
2025-09-17 22:00,21.737442462155602
2025-09-17 23:00,18.31082192372725
2025-09-18 00:00,16.902607866765834
2025-09-18 01:00,16.818218662283872
2025-09-18 02:00,18.205830130235764
2025-09-18 03:00,19.47923925350875
2025-09-18 04:00,17.062429152873023
2025-09-18 05:00,15.87960672280226
2025-09-18 06:00,14.978335139143445
2025-09-18 07:00,12.49191289193186
2025-09-18 08:00,9.386804926499524
2025-09-18 09:00,5.889387823403561
2025-09-18 10:00,4.43461966488452
2025-09-18 11:00,2.361087992684643
2025-09-18 12:00,2.5055192634929537
2025-09-18 13:00,2.376412752853087
2025-09-18 14:00,1.2193449284588633
2025-09-18 15:00,1.914624304120876
2025-09-18 16:00,1.6876426572416967
2025-09-18 17:00,1.1402284318500935
2025-09-18 18:00,0.06958477947223628
2025-09-18 19:00,0.12397405037605336
2025-09-18 20:00,0.07071421234088295
2025-09-18 21:00,0.08813735448762294
2025-09-18 22:00,0.029985451534499108
2025-09-18 23:00,0.0725766637432334
2025-09-19 00:00,1.527325052345742
2025-09-19 01:00,1.7699359942503279
2025-09-19 02:00,1.7777394377904434
2025-09-19 03:00,2.0517661807399863
2025-09-19 04:00,1.8390729941118718
2025-09-19 05:00,2.378966844514418
2025-09-19 06:00,3.861060138501886
2025-09-19 07:00,3.758472351193845
2025-09-19 08:00,4.168468561755364
2025-09-19 09:00,6.203839629894143
2025-09-19 10:00,7.664570657015886
2025-09-19 11:00,8.517062817577605
2025-09-19 12:00,11.929402922875772
2025-09-19 13:00,14.036913401288425
2025-09-19 14:00,13.071470287256938
2025-09-19 15:00,16.910052171005322
2025-09-19 16:00,21.78653808551677
2025-09-19 17:00,21.977910738931243
2025-09-19 18:00,24.325679761826958
2025-09-19 19:00,26.213462938058214
2025-09-19 20:00,29.524313100664727
2025-09-19 21:00,30.270631518527807
2025-09-19 22:00,31.707248993401425
2025-09-19 23:00,32.79814872601378
2025-09-20 00:00,53.57102386158425
2025-09-20 01:00,51.47142906554712
2025-09-20 02:00,48.81355485593131
2025-09-20 03:00,47.00407720224239
2025-09-20 04:00,44.934947407397885
2025-09-20 05:00,41.71103133406903
2025-09-20 06:00,38.350284425882
2025-09-20 07:00,32.343222525804094
2025-09-20 08:00,27.420908947762342
2025-09-20 09:00,22.87823115357533
2025-09-20 10:00,19.489782603227514
2025-09-20 11:00,19.020299125293413
2025-09-20 12:00,29.396707890049957
2025-09-20 13:00,34.67768122456774
2025-09-20 14:00,35.11041233355422
2025-09-20 15:00,39.66427687318026
2025-09-20 16:00,40.26847109244414
2025-09-20 17:00,41.626766308420095
2025-09-20 18:00,41.131263068411215
2025-09-20 19:00,37.611668796927724
2025-09-20 20:00,30.287769639525806
2025-09-20 21:00,26.9758962754713
2025-09-20 22:00,19.454574221480826
2025-09-20 23:00,13.688424059189229
2025-09-21 00:00,12.68609958493712
2025-09-21 01:00,13.436702909913782
2025-09-21 02:00,10.900727678300663
2025-09-21 03:00,9.589771874976046
2025-09-21 04:00,8.663631369180257
2025-09-21 05:00,10.151255169117183
2025-09-21 06:00,11.784977943044067
2025-09-21 07:00,12.87636810574903
2025-09-21 08:00,10.72580342464646
2025-09-21 09:00,10.54774814487466
2025-09-21 10:00,9.90357653157643
2025-09-21 11:00,10.17562745614016
2025-09-21 12:00,13.016597322032526
2025-09-21 13:00,16.371575070204514
2025-09-21 14:00,16.585948183019614
2025-09-21 15:00,20.234891843511235
2025-09-21 16:00,21.357233763659195
2025-09-21 17:00,21.40221395177258
2025-09-21 18:00,21.353232697230435
2025-09-21 19:00,19.07893049726802
2025-09-21 20:00,13.354554921380947
2025-09-21 21:00,13.683485080871224
2025-09-21 22:00,9.690805960359336
2025-09-21 23:00,7.158083946596574
2025-09-22 00:00,8.700800136702924
2025-09-22 01:00,8.104791934584933
2025-09-22 02:00,9.442395543626322
2025-09-22 03:00,9.755684089986872
2025-09-22 04:00,10.329883599017153
2025-09-22 05:00,10.71172509173102
2025-09-22 06:00,9.946297174308809
2025-09-22 07:00,9.145963266141624
2025-09-22 08:00,7.922695966839033
2025-09-22 09:00,9.057001846532398
2025-09-22 10:00,5.157814916556493
2025-09-22 11:00,5.791705784592682
2025-09-22 12:00,3.4385524829133143
2025-09-22 13:00,3.112334040238027
2025-09-22 14:00,3.0068380630028275
2025-09-22 15:00,2.685773007707784
2025-09-22 16:00,6.174005246416139
2025-09-22 17:00,6.15102775185895
2025-09-22 18:00,5.097076764733031
2025-09-22 19:00,7.234932925223376
2025-09-22 20:00,6.0563127204210785
2025-09-22 21:00,5.811481681720731
2025-09-22 22:00,7.118826798503281
2025-09-22 23:00,6.713163808264135
2025-09-23 00:00,4.540493645474111
2025-09-23 01:00,5.133472508451523
2025-09-23 02:00,4.485544352467927
2025-09-23 03:00,3.101539546514806
2025-09-23 04:00,3.0187267684090613
2025-09-23 05:00,2.7452635668767003
2025-09-23 06:00,2.3996484294460134
2025-09-23 07:00,2.095949521671647
2025-09-23 08:00,2.760393910074258
2025-09-23 09:00,1.2840849100676752
2025-09-23 10:00,1.347291673130938
2025-09-23 11:00,1.560781738198191
2025-09-23 12:00,2.120258506135127
2025-09-23 13:00,2.564323484590888
2025-09-23 14:00,3.437651091122424
2025-09-23 15:00,3.8543235881428246
2025-09-23 16:00,4.206753912381507
2025-09-23 17:00,4.324934698121279
2025-09-23 18:00,4.487279514048008
2025-09-23 19:00,4.580296121117693
2025-09-23 20:00,4.852011087126272
2025-09-23 21:00,3.6587941598623677
2025-09-23 22:00,4.826539961485271
2025-09-23 23:00,9.052786741428973
2025-09-24 00:00,5.768295601925018
2025-09-24 01:00,6.541099666986419
2025-09-24 02:00,6.363191924326666
2025-09-24 03:00,7.5399713126415095
2025-09-24 04:00,8.342543073736453
2025-09-24 05:00,10.822807991466917
2025-09-24 06:00,13.78288898151102
2025-09-24 07:00,18.953181168272117
2025-09-24 08:00,26.03952677513603
2025-09-24 09:00,31.13086311729832
2025-09-24 10:00,28.281749051461883
2025-09-24 11:00,28.838806398300715
2025-09-24 12:00,28.5937739317349
2025-09-24 13:00,27.44666169570655
2025-09-24 14:00,24.886754496192083
2025-09-24 15:00,23.211281523854407
2025-09-24 16:00,19.85751377472866
2025-09-24 17:00,17.61008840911912
2025-09-24 18:00,14.027493520902818
2025-09-24 19:00,11.992686846726087
2025-09-24 20:00,8.295411954521398
2025-09-24 21:00,5.338896296454522
2025-09-24 22:00,3.630283086373435
2025-09-24 23:00,4.190619755878306
2025-09-25 00:00,3.220839080568789
2025-09-25 01:00,3.848180573206672
2025-09-25 02:00,3.7613923130684217
2025-09-25 03:00,4.92442529073893
2025-09-25 04:00,6.158944365478657
2025-09-25 05:00,10.23058663137106
2025-09-25 06:00,11.826436848174874
2025-09-25 07:00,12.504880706228263
2025-09-25 08:00,11.97846971389356
2025-09-25 09:00,13.32547017694902
2025-09-25 10:00,9.755121983753082
2025-09-25 11:00,4.902784211459275
2025-09-25 12:00,2.2169692363878406
2025-09-25 13:00,2.4200060889960175
2025-09-25 14:00,2.080939818903922
2025-09-25 15:00,1.8469186789783985
2025-09-25 16:00,1.7689855451618277
2025-09-25 17:00,0.9988225647361891
2025-09-25 18:00,1.3145149024070453
2025-09-25 19:00,1.1237343057118174
2025-09-25 20:00,1.2741822653497759
2025-09-25 21:00,1.4732262337198094
2025-09-25 22:00,1.532641661494054
2025-09-25 23:00,1.2368597751859933
2025-09-26 00:00,2.808907316218953
2025-09-26 01:00,3.4232497871994476
2025-09-26 02:00,5.14726996167533
2025-09-26 03:00,7.094143377999898
2025-09-26 04:00,9.236115346899266
2025-09-26 05:00,11.704547874969615
2025-09-26 06:00,14.564754365430426
2025-09-26 07:00,10.915855113065343
2025-09-26 08:00,9.586311545499141
2025-09-26 09:00,7.5614272751734175
2025-09-26 10:00,5.007936507237596
2025-09-26 11:00,4.359433241236541
2025-09-26 12:00,4.4388307345053954
2025-09-26 13:00,4.857502630630744
2025-09-26 14:00,6.661124098544106
2025-09-26 15:00,8.46735988967312
2025-09-26 16:00,8.955891125731124
2025-09-26 17:00,10.171194994244876
2025-09-26 18:00,10.35201478867247
2025-09-26 19:00,9.738434952977114
2025-09-26 20:00,9.573345832183186
2025-09-26 21:00,7.890728769485494
2025-09-26 22:00,6.2229950339908084
2025-09-26 23:00,4.475773533976921
2025-09-27 00:00,1.1341535244296914
2025-09-27 01:00,1.0634062799433115
2025-09-27 02:00,0.9203305769649969
2025-09-27 03:00,1.460509907524063
2025-09-27 04:00,1.1084352047840398
2025-09-27 05:00,0.8114684630932807
2025-09-27 06:00,0.43712152614461147
2025-09-27 07:00,0.45762782343178565
2025-09-27 08:00,0.31723304056115414
2025-09-27 09:00,0.2145596826672623
2025-09-27 10:00,1.4037309277432197
2025-09-27 11:00,1.395974842083057
2025-09-27 12:00,1.8818459115358006
2025-09-27 13:00,2.5850520380187807
2025-09-27 14:00,5.406239840501492
2025-09-27 15:00,4.077070459720166
2025-09-27 16:00,3.475777397329525
2025-09-27 17:00,2.618361659391843
2025-09-27 18:00,2.3734477570502643
2025-09-27 19:00,3.620879794067871
2025-09-27 20:00,2.9068524911037996
2025-09-27 21:00,2.0742912770588973
2025-09-27 22:00,2.4250397390190943
2025-09-27 23:00,2.348757342381701
2025-09-28 00:00,0.8517039513809448
2025-09-28 01:00,1.4596364594724367
2025-09-28 02:00,2.556912651021857
2025-09-28 03:00,3.8712965737560965
2025-09-28 04:00,6.768039610291482
2025-09-28 05:00,8.86841628373073
2025-09-28 06:00,13.518641707408618
2025-09-28 07:00,21.615979464466676
2025-09-28 08:00,19.775212321349432
2025-09-28 09:00,19.271011095862416
2025-09-28 10:00,18.431097587689024
2025-09-28 11:00,19.358106408074367
2025-09-28 12:00,17.445610384992353
2025-09-28 13:00,12.660848559890098
2025-09-28 14:00,13.494453470594594
2025-09-28 15:00,13.054221226837115
2025-09-28 16:00,11.163388114338757
2025-09-28 17:00,10.374039693147353
2025-09-28 18:00,10.295324412735205
2025-09-28 19:00,9.484018317019787
2025-09-28 20:00,10.694950374034399
2025-09-28 21:00,11.43924503449819
2025-09-28 22:00,7.799467088210299
2025-09-28 23:00,7.63455617115153
2025-09-29 00:00,6.9912510084781765
2025-09-29 01:00,7.665319981325598
2025-09-29 02:00,8.154376270328706
2025-09-29 03:00,8.697615142355183
2025-09-29 04:00,8.562176934489324
2025-09-29 05:00,7.612725713016434
2025-09-29 06:00,7.187271602965789
2025-09-29 07:00,6.054621322703241
2025-09-29 08:00,3.9888614882730504
2025-09-29 09:00,3.2407972235600493
2025-09-29 10:00,2.027689799443755
2025-09-29 11:00,2.3539523984551955
2025-09-29 12:00,1.7770343506004307
2025-09-29 13:00,2.0762183397696945
2025-09-29 14:00,2.231848524312129
2025-09-29 15:00,2.515907632126833
2025-09-29 16:00,1.6270054664548965
2025-09-29 17:00,1.522842464020149
2025-09-29 18:00,1.5839142188979418
2025-09-29 19:00,1.461314535107812
2025-09-29 20:00,1.0712678709745012
2025-09-29 21:00,1.234484807153206
2025-09-29 22:00,0.8944575166515406
2025-09-29 23:00,1.1072263493420402
2025-09-30 00:00,0.8021861489878424
2025-09-30 01:00,0.6740005230782864
2025-09-30 02:00,0.8483162808966974
2025-09-30 03:00,0.5202643729813733
2025-09-30 04:00,0.7111918068656592
2025-09-30 05:00,0.5310045478514064
2025-09-30 06:00,0.38514533944891866
2025-09-30 07:00,0.4040793104047313
2025-09-30 08:00,0.26731863778712445
2025-09-30 09:00,0.07445508261252697
2025-09-30 10:00,0.25228353608867304
2025-09-30 11:00,0.605203515161317
2025-09-30 12:00,0.7947443716061997
2025-09-30 13:00,0.9648902528719411
2025-09-30 14:00,1.739899960879594
2025-09-30 15:00,2.6872561713243956
2025-09-30 16:00,3.2407692801017833
2025-09-30 17:00,3.212796377888352
2025-09-30 18:00,4.056328390129199
2025-09-30 19:00,2.753377966285423
2025-09-30 20:00,2.2673825542743145
2025-09-30 21:00,2.2591227573602826
2025-09-30 22:00,1.649877493679635
2025-09-30 23:00,1.353192915088392
2025-10-01 00:00,0.8857925242743159
2025-10-01 01:00,1.1495905568610674
2025-10-01 02:00,1.292608000269758
2025-10-01 03:00,0.9072989891725931
2025-10-01 04:00,1.2585583707059766
2025-10-01 05:00,1.1829180879004229
2025-10-01 06:00,1.1830642135623368
2025-10-01 07:00,0.5893926331277378
2025-10-01 08:00,0.5743660823176843
2025-10-01 09:00,0.403209513818971
2025-10-01 10:00,0.06584739421983393
2025-10-01 11:00,0.652876522415962
2025-10-01 12:00,1.0961673423470994
2025-10-01 13:00,1.9777679645241795
2025-10-01 14:00,3.301857892739124
2025-10-01 15:00,4.9903715794834
2025-10-01 16:00,4.896477394019579
2025-10-01 17:00,5.91654420925444
2025-10-01 18:00,6.643798176771064
2025-10-01 19:00,6.521204295190621
2025-10-01 20:00,4.824434574958935
2025-10-01 21:00,4.164517452447971
2025-10-01 22:00,3.9591361066343036
2025-10-01 23:00,2.9788038343210608
2025-10-02 00:00,0.8172084160542198
2025-10-02 01:00,0.30686499671651235
2025-10-02 02:00,0.5336104021869578
2025-10-02 03:00,0.5483098171408902
2025-10-02 04:00,0.2605492782353657
2025-10-02 05:00,0.4529471225590822
2025-10-02 06:00,0.7420928168220803
2025-10-02 07:00,0.46827797485345046
2025-10-02 08:00,0.6667858421073817
2025-10-02 09:00,0.6797219230351672
2025-10-02 10:00,0.44388317309808695
2025-10-02 11:00,0.40115211202510276
2025-10-02 12:00,0.47454162469999606
2025-10-02 13:00,0.41097781120104265
2025-10-02 14:00,0.4253003454014748
2025-10-02 15:00,0.6817417077758199
2025-10-02 16:00,0.6320119422397995
2025-10-02 17:00,1.6147381766510218
2025-10-02 18:00,3.2720756498901586
2025-10-02 19:00,3.7356147008790566
2025-10-02 20:00,5.014773464106492
2025-10-02 21:00,5.539203290270156
2025-10-02 22:00,5.1677414934167105
2025-10-02 23:00,6.368485030502055
2025-10-03 00:00,8.193391320750274
2025-10-03 01:00,9.776074259694918
2025-10-03 02:00,12.490938041328588
2025-10-03 03:00,15.6595203820715
2025-10-03 04:00,24.213395909341134
2025-10-03 05:00,27.915033017752677
2025-10-03 06:00,30.19055679711137
2025-10-03 07:00,28.06126114285264
2025-10-03 08:00,27.25203669836614
2025-10-03 09:00,29.357802927245558
2025-10-03 10:00,32.84365680472268
2025-10-03 11:00,30.73254318948139
2025-10-03 12:00,30.30391631706831
2025-10-03 13:00,27.869673214808557
2025-10-03 14:00,30.41122310239133
2025-10-03 15:00,28.124940561069167
2025-10-03 16:00,27.93253615135784
2025-10-03 17:00,26.60647689422892
2025-10-03 18:00,27.17193995079911
2025-10-03 19:00,27.90801953954458
2025-10-03 20:00,26.904320822322845
2025-10-03 21:00,26.282240774259872
2025-10-03 22:00,24.92389073655724
2025-10-03 23:00,25.42528576792309
2025-10-04 00:00,9.600898881854063
2025-10-04 01:00,10.103619777913046
2025-10-04 02:00,8.9823358531415
2025-10-04 03:00,8.502870684754209
2025-10-04 04:00,7.834567992190228
2025-10-04 05:00,7.260927168769126
2025-10-04 06:00,7.182589292902089
2025-10-04 07:00,6.670430605522088
2025-10-04 08:00,5.5070098552883335
2025-10-04 09:00,4.559376673695209
2025-10-04 10:00,4.482085659191156
2025-10-04 11:00,3.4587792108180024
2025-10-04 12:00,3.67161633348805
2025-10-04 13:00,2.982259764466446
2025-10-04 14:00,3.0074796682258698
2025-10-04 15:00,2.9779374743002323
2025-10-04 16:00,2.873982687620627
2025-10-04 17:00,2.722447543809649
2025-10-04 18:00,1.801385270252082
2025-10-04 19:00,1.4281819580924717
2025-10-04 20:00,0.9421142404349672
2025-10-04 21:00,1.0603447973154179
2025-10-04 22:00,1.0248929163930998
2025-10-04 23:00,0.9674711774621579
2025-10-05 00:00,0.736691095976064
2025-10-05 01:00,0.5932329423880541
2025-10-05 02:00,0.8230581757707521
2025-10-05 03:00,1.0032891243851119
2025-10-05 04:00,0.7785814378304402
2025-10-05 05:00,0.855819956492638
2025-10-05 06:00,1.1218263546194531
2025-10-05 07:00,1.1015272207114846
2025-10-05 08:00,0.9820815235515803
2025-10-05 09:00,0.9965943712925999
2025-10-05 10:00,0.9470105909758129
2025-10-05 11:00,0.9343999870123838
2025-10-05 12:00,0.5086223552426367
2025-10-05 13:00,1.005838567543455
2025-10-05 14:00,1.1674392028820184
2025-10-05 15:00,1.0422782008872729
2025-10-05 16:00,0.6749691144431296
2025-10-05 17:00,0.6478924599355131
2025-10-05 18:00,0.38159067104457517
2025-10-05 19:00,0.515230462125173
2025-10-05 20:00,0.4958753152116069
2025-10-05 21:00,0.7761894669172804
2025-10-05 22:00,0.581466159680318
2025-10-05 23:00,0.8214276544651531
2025-10-06 00:00,0.5604039851828012
2025-10-06 01:00,0.7360629136404798
2025-10-06 02:00,0.6416724949097542
2025-10-06 03:00,0.6268878872931488
2025-10-06 04:00,0.891465383245993
2025-10-06 05:00,1.12789312164929
2025-10-06 06:00,2.65181793933775
2025-10-06 07:00,4.873926278428521
2025-10-06 08:00,6.093604860112964
2025-10-06 09:00,10.887267114667791
2025-10-06 10:00,12.334168415631387
2025-10-06 11:00,13.697486323492804
2025-10-06 12:00,16.372276659285106
2025-10-06 13:00,15.110081176880813
2025-10-06 14:00,17.182154137874676
2025-10-06 15:00,19.217419125144556
2025-10-06 16:00,25.723561376691308
2025-10-06 17:00,29.230614338657507
2025-10-06 18:00,35.403024359887645
2025-10-06 19:00,38.32575867653699
2025-10-06 20:00,38.470354246009755
2025-10-06 21:00,40.377323541501745
2025-10-06 22:00,39.19155796962889
2025-10-06 23:00,32.09352929893773
2025-10-07 00:00,34.59122684992258
2025-10-07 01:00,30.968512540945582
2025-10-07 02:00,27.166325429083923
2025-10-07 03:00,27.32791756328334
2025-10-07 04:00,23.526498330117846
2025-10-07 05:00,20.36502942588851
2025-10-07 06:00,14.435048536040489
2025-10-07 07:00,11.924173219462853
2025-10-07 08:00,9.288884332455021
2025-10-07 09:00,7.010125200376634
2025-10-07 10:00,4.938069370920083
2025-10-07 11:00,4.910030330456876
2025-10-07 12:00,5.185826005204214
2025-10-07 13:00,5.5677558342426074
2025-10-07 14:00,5.745964759352321
2025-10-07 15:00,4.975119718607132
2025-10-07 16:00,4.0119093177106855
2025-10-07 17:00,3.296977039686079
2025-10-07 18:00,3.7886226494177717
2025-10-07 19:00,2.982534029767924
2025-10-07 20:00,2.7381626201092253
2025-10-07 21:00,3.4821887381322405
2025-10-07 22:00,3.8267024757789394
2025-10-07 23:00,3.466835540689034
2025-10-08 00:00,11.494059824113586
2025-10-08 01:00,11.375751476111503
2025-10-08 02:00,12.398482394860542
2025-10-08 03:00,13.679856221110585
2025-10-08 04:00,14.09175578179149
2025-10-08 05:00,14.370177284323058
2025-10-08 06:00,16.005941253687872
2025-10-08 07:00,17.146056754710617
2025-10-08 08:00,18.59759247577045
2025-10-08 09:00,19.130510952043462
2025-10-08 10:00,16.903994153600237
2025-10-08 11:00,16.350468072776344
2025-10-08 12:00,15.910722723759164
2025-10-08 13:00,15.938448457712397
2025-10-08 14:00,16.940632524361096
2025-10-08 15:00,19.84130611643865
2025-10-08 16:00,18.729243805565066
2025-10-08 17:00,17.18459151190503
2025-10-08 18:00,15.639068468470995
2025-10-08 19:00,12.08679623597383
2025-10-08 20:00,8.726422730369402
2025-10-08 21:00,8.30640886137018
2025-10-08 22:00,5.712261019249683
2025-10-08 23:00,4.630674178684214
2025-10-09 00:00,0.9056175961713514
2025-10-09 01:00,0.7755066542706482
2025-10-09 02:00,0.6824814130720979
2025-10-09 03:00,0.7730195928839834
2025-10-09 04:00,0.9215023232683895
2025-10-09 05:00,0.9230978622799201
2025-10-09 06:00,1.9686313430785376
2025-10-09 07:00,2.9905268653216672
2025-10-09 08:00,3.858047030131356
2025-10-09 09:00,3.4111269175488914
2025-10-09 10:00,2.0227549178140625
2025-10-09 11:00,1.5947887515954233
2025-10-09 12:00,2.050519531519617
2025-10-09 13:00,2.1703185468672723
2025-10-09 14:00,1.2314114852882652
2025-10-09 15:00,1.5259853523417366
2025-10-09 16:00,2.872739264787246
2025-10-09 17:00,4.07991256493301
2025-10-09 18:00,5.740707717914328
2025-10-09 19:00,9.584726678086428
2025-10-09 20:00,11.798793487994246
2025-10-09 21:00,10.937984257581078
2025-10-09 22:00,12.460241094785408
2025-10-09 23:00,13.834953987335291
2025-10-10 00:00,7.525463473862843
2025-10-10 01:00,5.919245251697404
2025-10-10 02:00,5.827735580957476
2025-10-10 03:00,5.362119448885086
2025-10-10 04:00,4.785477721686706
2025-10-10 05:00,4.530087981411625
2025-10-10 06:00,4.559415686545688
2025-10-10 07:00,2.898509016116282
2025-10-10 08:00,2.6543269852174927
2025-10-10 09:00,2.5983612991951786
2025-10-10 10:00,1.160832520354442
2025-10-10 11:00,0.3071658013707974
2025-10-10 12:00,0.3315560971831649
2025-10-10 13:00,0.5496836778532761
2025-10-10 14:00,0.5905596302051835
2025-10-10 15:00,0.6074997185585101
2025-10-10 16:00,1.1518614223275427
2025-10-10 17:00,1.056810114097549
2025-10-10 18:00,1.0972201807436597
2025-10-10 19:00,1.2671929072425947
2025-10-10 20:00,1.0080252949155097
2025-10-10 21:00,0.8850451436933627
2025-10-10 22:00,1.492867604302831
2025-10-10 23:00,1.455669343307853
2025-10-11 00:00,6.165879900783793
2025-10-11 01:00,4.240544144220118
2025-10-11 02:00,2.0691776098964434
2025-10-11 03:00,1.9255662700773701
2025-10-11 04:00,2.2239124771224827
2025-10-11 05:00,1.9301765341260122
2025-10-11 06:00,2.049997573357143
2025-10-11 07:00,2.3578254772226646
2025-10-11 08:00,1.6552597361451016
2025-10-11 09:00,3.5619305274404547
2025-10-11 10:00,3.5986033855638504
2025-10-11 11:00,3.570371100534768
2025-10-11 12:00,4.013405687881556
2025-10-11 13:00,4.360849421239458
2025-10-11 14:00,4.28553517470933
2025-10-11 15:00,4.969263821921353
2025-10-11 16:00,3.2730307336618303
2025-10-11 17:00,2.498511640175125
2025-10-11 18:00,2.139029491352676
2025-10-11 19:00,1.4175325094464863
2025-10-11 20:00,1.5775843058973684
2025-10-11 21:00,1.9485946944716719
2025-10-11 22:00,2.756964017027721
2025-10-11 23:00,3.8263578196882064
2025-10-12 00:00,4.2135746262418605
2025-10-12 01:00,4.1433904086011415
2025-10-12 02:00,3.102665546361082
2025-10-12 03:00,3.5496598649192186
2025-10-12 04:00,3.686638884347738
2025-10-12 05:00,3.701525376481243
2025-10-12 06:00,4.250623003567369
2025-10-12 07:00,4.417392796677176
2025-10-12 08:00,4.817903312981539
2025-10-12 09:00,4.2034273889509715
2025-10-12 10:00,3.7716943258732343
2025-10-12 11:00,2.093825673408213
2025-10-12 12:00,1.704072437362404
2025-10-12 13:00,2.2059002373819374
2025-10-12 14:00,2.8043792291944953
2025-10-12 15:00,3.230447147275465
2025-10-12 16:00,2.317846350349821
2025-10-12 17:00,1.9896470980950909
2025-10-12 18:00,1.1266350300417243
2025-10-12 19:00,0.7627776972769519
2025-10-12 20:00,0.5760895181342534
2025-10-12 21:00,0.7143470409389344
2025-10-12 22:00,0.5451687232529951
2025-10-12 23:00,0.6095057298763381
2025-10-13 00:00,0.76770418665383
2025-10-13 01:00,0.5826947658213403
2025-10-13 02:00,0.5317702046582663
2025-10-13 03:00,0.8749414963677395
2025-10-13 04:00,1.4164602780993167
2025-10-13 05:00,1.504961918542688
2025-10-13 06:00,1.5790819370864349
2025-10-13 07:00,2.052811523953269
2025-10-13 08:00,4.610580589743743
2025-10-13 09:00,7.311524768373001
2025-10-13 10:00,10.642651240124266
2025-10-13 11:00,19.714770868351575
2025-10-13 12:00,24.870954100874826
2025-10-13 13:00,28.930866163184373
2025-10-13 14:00,30.5036419925537
2025-10-13 15:00,31.41024288006284
2025-10-13 16:00,33.006885213252055
2025-10-13 17:00,24.27061010752944
2025-10-13 18:00,17.47685757771448
2025-10-13 19:00,12.375961787107059
2025-10-13 20:00,6.762206469203147
2025-10-13 21:00,5.623833872898658
2025-10-13 22:00,4.537557506642444
2025-10-13 23:00,5.465002843487032
2025-10-14 00:00,4.155864386730862
2025-10-14 01:00,5.4884837561262785
2025-10-14 02:00,4.0147590166352884
2025-10-14 03:00,7.0108206642310265
2025-10-14 04:00,7.076005096908294
2025-10-14 05:00,6.189841299326953
2025-10-14 06:00,7.17522347170348
2025-10-14 07:00,6.247462855330613
2025-10-14 08:00,5.219939871772602
2025-10-14 09:00,5.372272601942707
2025-10-14 10:00,3.723781787972934
2025-10-14 11:00,3.0044573046765115
2025-10-14 12:00,2.639074267720414
2025-10-14 13:00,2.449579708618207
2025-10-14 14:00,1.7227672780711298
2025-10-14 15:00,0.509692604178383
2025-10-14 16:00,0.3315045083479978
2025-10-14 17:00,0.21842668311334854
2025-10-14 18:00,0.4002049256977936
2025-10-14 19:00,0.4695509210443418
2025-10-14 20:00,1.691119431039103
2025-10-14 21:00,1.6381348604629693
2025-10-14 22:00,1.812446900414072
2025-10-14 23:00,2.4896781252156663
2025-10-15 00:00,2.3491821943323408
2025-10-15 01:00,2.428727151680653
2025-10-15 02:00,2.40153903566477
2025-10-15 03:00,2.283124957381325
2025-10-15 04:00,1.9648774986323236
2025-10-15 05:00,2.0439577367937414
2025-10-15 06:00,1.9970242254902033
2025-10-15 07:00,2.306327554122593
2025-10-15 08:00,2.2288341867197974
2025-10-15 09:00,0.9749846210920737
2025-10-15 10:00,0.6957779635146931
2025-10-15 11:00,0.7778541760946407
2025-10-15 12:00,1.1993246110484774
2025-10-15 13:00,0.6895557207237895
2025-10-15 14:00,1.3702570222070467
2025-10-15 15:00,1.5356485331696887
2025-10-15 16:00,2.807159914029185
2025-10-15 17:00,5.004596492388262
2025-10-15 18:00,6.128999297695189
2025-10-15 19:00,10.281672500403566
2025-10-15 20:00,13.212620947827247
2025-10-15 21:00,13.093911108933673
2025-10-15 22:00,14.571033609598478
2025-10-15 23:00,15.085520483757952
2025-10-16 00:00,42.16749901219439
2025-10-16 01:00,40.50848352325652
2025-10-16 02:00,40.65417622746199
2025-10-16 03:00,37.890045571751344
2025-10-16 04:00,33.73462519245688
2025-10-16 05:00,31.63041010547828
2025-10-16 06:00,29.751780345479535
2025-10-16 07:00,25.36627827574846
2025-10-16 08:00,14.05687637034925
2025-10-16 09:00,14.31506318118678
2025-10-16 10:00,10.946096714033352
2025-10-16 11:00,10.399273481585354
2025-10-16 12:00,8.838178703134007
2025-10-16 13:00,9.592884897119378
2025-10-16 14:00,11.48571606617738
2025-10-16 15:00,14.952959694545731
2025-10-16 16:00,15.424353023644786
2025-10-16 17:00,15.610644370951443
2025-10-16 18:00,15.236738174020333
2025-10-16 19:00,14.823321491912361
2025-10-16 20:00,10.036000068304094
2025-10-16 21:00,10.29578882854019
2025-10-16 22:00,8.180421184801302
2025-10-16 23:00,7.054466911955615
2025-10-17 00:00,5.209923939436678
2025-10-17 01:00,4.78634874293325
2025-10-17 02:00,9.06370250008541
2025-10-17 03:00,7.874820160552847
2025-10-17 04:00,11.49249246831838
2025-10-17 05:00,10.417319903644074
2025-10-17 06:00,8.825636395261824
2025-10-17 07:00,8.381755707703634
2025-10-17 08:00,9.14544843519669
2025-10-17 09:00,7.096484160182811
2025-10-17 10:00,5.433588870077716
2025-10-17 11:00,5.598237551071449
2025-10-17 12:00,6.015403281364356
2025-10-17 13:00,6.78950089567212
2025-10-17 14:00,6.337408167336615
2025-10-17 15:00,6.601073664923107
2025-10-17 16:00,9.242566266157512
2025-10-17 17:00,12.500470781038553
2025-10-17 18:00,15.633056548867886
2025-10-17 19:00,23.108989842670514
2025-10-17 20:00,23.075647134875254
2025-10-17 21:00,26.229168696810536
2025-10-17 22:00,29.96292365196543
2025-10-17 23:00,27.596345909278117
2025-10-18 00:00,28.75693244645015
2025-10-18 01:00,27.43650076783722
2025-10-18 02:00,26.338034244385256
2025-10-18 03:00,28.014047365557374
2025-10-18 04:00,30.446585026876857
2025-10-18 05:00,31.018411377504567
2025-10-18 06:00,35.739715737329156
2025-10-18 07:00,38.16620341187158
2025-10-18 08:00,42.04248754213063
2025-10-18 09:00,42.59476361771168
2025-10-18 10:00,44.56141417150405
2025-10-18 11:00,49.39556039402532
2025-10-18 12:00,49.786448221920416
2025-10-18 13:00,50.894342693725754
2025-10-18 14:00,51.48655621259682
2025-10-18 15:00,51.38501664179399
2025-10-18 16:00,48.46464010636917
2025-10-18 17:00,44.969637179816914
2025-10-18 18:00,37.35058968177168
2025-10-18 19:00,31.29165835262664
2025-10-18 20:00,23.54907614271373
2025-10-18 21:00,22.338522659826126
2025-10-18 22:00,21.686736866262716
2025-10-18 23:00,17.4608616777932
2025-10-19 00:00,4.420309068609716
2025-10-19 01:00,4.139438216203795
2025-10-19 02:00,5.049436904825315
2025-10-19 03:00,3.9420604290983516
2025-10-19 04:00,4.143361422750464
2025-10-19 05:00,4.020416479226348
2025-10-19 06:00,3.7878063205074888
2025-10-19 07:00,3.6685457377158044
2025-10-19 08:00,2.369810916754379
2025-10-19 09:00,2.405558116925169
2025-10-19 10:00,1.8678387677733408
2025-10-19 11:00,5.447665213140643
2025-10-19 12:00,11.333918753791204
2025-10-19 13:00,18.467757555299883
2025-10-19 14:00,28.104845914846347
2025-10-19 15:00,36.43270567104273
2025-10-19 16:00,43.656928940866585
2025-10-19 17:00,50.23165415998361
2025-10-19 18:00,52.35942909771821
2025-10-19 19:00,54.69053180016042
2025-10-19 20:00,55.78814330084674
2025-10-19 21:00,55.30956936370357
2025-10-19 22:00,54.04004460865059
2025-10-19 23:00,54.00899039137713
2025-10-20 00:00,57.5296213203678
2025-10-20 01:00,56.80441801664648
2025-10-20 02:00,57.27741944457198
2025-10-20 03:00,55.76636465769976
2025-10-20 04:00,55.85851407666348
2025-10-20 05:00,55.5119821839938
2025-10-20 06:00,54.158111524252696
2025-10-20 07:00,51.94056270105914
2025-10-20 08:00,51.46603077122466
2025-10-20 09:00,51.21832322571533
2025-10-20 10:00,50.1637194794763
2025-10-20 11:00,50.436995260027736
2025-10-20 12:00,51.53329995395128
2025-10-20 13:00,52.12324180537242
2025-10-20 14:00,51.71132165921184
2025-10-20 15:00,54.07991225712012
2025-10-20 16:00,52.96045512340326
2025-10-20 17:00,53.16935046697262
2025-10-20 18:00,54.79657275661065
2025-10-20 19:00,53.43761285260123
2025-10-20 20:00,51.02940497911988
2025-10-20 21:00,49.58410687709675
2025-10-20 22:00,46.555201361658455
2025-10-20 23:00,43.86743285086528
2025-10-21 00:00,42.939342441260955
2025-10-21 01:00,43.023668305875184
2025-10-21 02:00,41.67256946922447
2025-10-21 03:00,42.306081359177064
2025-10-21 04:00,42.43512756297977
2025-10-21 05:00,41.84201563130197
2025-10-21 06:00,41.78278869825317
2025-10-21 07:00,40.13366662617137
2025-10-21 08:00,39.688961793121216
2025-10-21 09:00,40.29257276693406
2025-10-21 10:00,41.078555299405735
2025-10-21 11:00,43.230644763329906
2025-10-21 12:00,46.21450949660402
2025-10-21 13:00,48.35550108810538
2025-10-21 14:00,48.984011327906195
2025-10-21 15:00,49.88238053064618
2025-10-21 16:00,51.46123420136514
2025-10-21 17:00,50.739238805535166
2025-10-21 18:00,49.45093895344018
2025-10-21 19:00,46.31275322701017
2025-10-21 20:00,43.14938847277366
2025-10-21 21:00,42.22461199808054
2025-10-21 22:00,37.1685407219532
2025-10-21 23:00,36.10629477548746
2025-10-22 00:00,30.622811595200933
2025-10-22 01:00,30.68775269988734
2025-10-22 02:00,30.33673823510485
2025-10-22 03:00,31.403193846363916
2025-10-22 04:00,30.01233287301669
2025-10-22 05:00,28.750579980422142
2025-10-22 06:00,27.63623571557368
2025-10-22 07:00,24.059737968087394
2025-10-22 08:00,22.12591003220194
2025-10-22 09:00,20.371255856984167
2025-10-22 10:00,18.164922053957692
2025-10-22 11:00,16.652184903404734
2025-10-22 12:00,14.668565281784746
2025-10-22 13:00,13.555941710254467
2025-10-22 14:00,13.77313301121258
2025-10-22 15:00,14.895786489177084
2025-10-22 16:00,16.06546054324129
2025-10-22 17:00,15.241222195600981
2025-10-22 18:00,16.057092882604938
2025-10-22 19:00,16.68964352903163
2025-10-22 20:00,14.238320315846172
2025-10-22 21:00,12.62862141235288
2025-10-22 22:00,8.054664795158715
2025-10-22 23:00,6.8384064538648
2025-10-23 00:00,11.022115646628981
2025-10-23 01:00,11.91442466052528
2025-10-23 02:00,9.618912322282211
2025-10-23 03:00,9.369094466439066
2025-10-23 04:00,9.187238662498507
2025-10-23 05:00,7.077874296240169
2025-10-23 06:00,3.819119715101902
2025-10-23 07:00,3.7360529904669177
2025-10-23 08:00,3.346989596375924
2025-10-23 09:00,1.9293563588608906
2025-10-23 10:00,1.5210586002544932
2025-10-23 11:00,1.6810206281177082
2025-10-23 12:00,3.109127617458748
2025-10-23 13:00,7.705380546644636
2025-10-23 14:00,8.066133195041802
2025-10-23 15:00,11.600591478226542
2025-10-23 16:00,15.55867391330193
2025-10-23 17:00,20.350636760738894
2025-10-23 18:00,18.05386278593961
2025-10-23 19:00,18.864772344826815
2025-10-23 20:00,14.865630561409908
2025-10-23 21:00,13.181738886714827
2025-10-23 22:00,13.357117337957364
2025-10-23 23:00,10.542488294167848
2025-10-24 00:00,13.263423567857119
2025-10-24 01:00,13.227974312443395
2025-10-24 02:00,12.488835679205883
2025-10-24 03:00,12.719243383211884
2025-10-24 04:00,12.770627329926633
2025-10-24 05:00,11.994766242995363
2025-10-24 06:00,11.41084676577232
2025-10-24 07:00,10.112594370663023
2025-10-24 08:00,7.557413952141684
2025-10-24 09:00,6.030537314917903
2025-10-24 10:00,4.551831411915814
2025-10-24 11:00,2.9792222547648586
2025-10-24 12:00,3.169330624929696
2025-10-24 13:00,3.0703846117626163
2025-10-24 14:00,4.541335365752936
2025-10-24 15:00,8.937940981487342
2025-10-24 16:00,9.933770285239344
2025-10-24 17:00,10.13198764744749
2025-10-24 18:00,12.70404852618575
2025-10-24 19:00,10.490069606318734
2025-10-24 20:00,7.957179813868675
2025-10-24 21:00,7.227692874025501
2025-10-24 22:00,6.687650811716378
2025-10-24 23:00,6.401712458775915
2025-10-25 00:00,3.6791647878543614
2025-10-25 01:00,3.2922869565131605
2025-10-25 02:00,3.7004796666648283
2025-10-25 03:00,4.743879314919967
2025-10-25 04:00,5.825900337809485
2025-10-25 05:00,7.107602987624392
2025-10-25 06:00,8.795884222603858
2025-10-25 07:00,11.025476687109785
2025-10-25 08:00,11.685183381226642
2025-10-25 09:00,13.255655367083762
2025-10-25 10:00,12.775234693647157
2025-10-25 11:00,12.58692539912324
2025-10-25 12:00,14.904775841403401
2025-10-25 13:00,14.112218875266281
2025-10-25 14:00,14.894723612748487
2025-10-25 15:00,17.78432733419622
2025-10-25 16:00,23.790924910225858
2025-10-25 17:00,24.83201299909722
2025-10-25 18:00,24.923769612007774
2025-10-25 19:00,24.019680695787002
2025-10-25 20:00,21.523175816183926
2025-10-25 21:00,20.03770559589424
2025-10-25 22:00,15.662205338827066
2025-10-25 23:00,14.34672388606714
2025-10-26 00:00,12.36037560778208
2025-10-26 01:00,15.524284325115545
2025-10-26 02:00,15.484606778844471
2025-10-26 03:00,15.553507235922089
2025-10-26 04:00,15.160784131479934
2025-10-26 05:00,13.14993659525077
2025-10-26 06:00,12.912375397400075
2025-10-26 07:00,10.775398108527051
2025-10-26 08:00,7.819713291692788
2025-10-26 09:00,7.235050415366321
2025-10-26 10:00,6.61109306894402
2025-10-26 11:00,8.929640534221704
2025-10-26 12:00,12.912686411548151
2025-10-26 13:00,15.191966032675197
2025-10-26 14:00,18.563200633874036
2025-10-26 15:00,22.02016401821247
2025-10-26 16:00,27.451234718540658
2025-10-26 17:00,23.90714285142236
2025-10-26 18:00,25.425014533107383
2025-10-26 19:00,22.71138228649951
2025-10-26 20:00,20.455777809997873
2025-10-26 21:00,21.616011197877032
2025-10-26 22:00,18.802534248219526
2025-10-26 23:00,19.899179194325907
2025-10-27 00:00,56.35888332208154
2025-10-27 01:00,57.64327646965618
2025-10-27 02:00,59.06711722410764
2025-10-27 03:00,59.289504314523136
2025-10-27 04:00,57.88267329633481
2025-10-27 05:00,53.56894516670726
2025-10-27 06:00,54.78484749421499
2025-10-27 07:00,47.60582864893362
2025-10-27 08:00,39.533005281463325
2025-10-27 09:00,35.560780139824544
2025-10-27 10:00,32.132133611722104
2025-10-27 11:00,25.61825408011944
2025-10-27 12:00,28.153298569028617
2025-10-27 13:00,27.81081427703761
2025-10-27 14:00,26.37386422542855
2025-10-27 15:00,29.856606539090535
2025-10-27 16:00,33.42529837245414
2025-10-27 17:00,30.67782044980579
2025-10-27 18:00,31.276410422388114
2025-10-27 19:00,28.91011146003397
2025-10-27 20:00,24.3318715184554
2025-10-27 21:00,26.16499586674077
2025-10-27 22:00,25.433031943316507
2025-10-27 23:00,20.77017208755908
2025-10-28 00:00,16.847414483347173
2025-10-28 01:00,15.667211852094402
2025-10-28 02:00,15.83114378732382
2025-10-28 03:00,16.36446170893071
2025-10-28 04:00,15.776486925016385
2025-10-28 05:00,16.55454704206977
2025-10-28 06:00,17.34520709120321
2025-10-28 07:00,16.122282040788956
2025-10-28 08:00,12.94041264448702
2025-10-28 09:00,10.743875807709907
2025-10-28 10:00,9.43886697493872
2025-10-28 11:00,10.56088078885404
2025-10-28 12:00,8.98272310765674
2025-10-28 13:00,5.94552012375475
2025-10-28 14:00,5.7439296381648495
2025-10-28 15:00,5.484733137126305
2025-10-28 16:00,5.171156644402234
2025-10-28 17:00,4.175866245414851
2025-10-28 18:00,2.5879765508073667
2025-10-28 19:00,0.993824603413802
2025-10-28 20:00,0.7836760642210404
2025-10-28 21:00,0.3561672161253309
2025-10-28 22:00,0.8525501865060071
2025-10-28 23:00,0.9419245188478618
2025-10-29 00:00,4.017997796960082
2025-10-29 01:00,4.811252783554321
2025-10-29 02:00,4.886357618694185
2025-10-29 03:00,5.5453186399134395
2025-10-29 04:00,5.72832288359762
2025-10-29 05:00,5.810336289890877
2025-10-29 06:00,4.595851816999461
2025-10-29 07:00,3.749111550737244
2025-10-29 08:00,3.3516356024903566
2025-10-29 09:00,3.0081738304656174
2025-10-29 10:00,2.5943337185634046
2025-10-29 11:00,1.9812300027314207
2025-10-29 12:00,1.4465251984437824
2025-10-29 13:00,0.9981742304297887
2025-10-29 14:00,0.9426710275924522
2025-10-29 15:00,1.1840348947079382
2025-10-29 16:00,1.1470620205107898
2025-10-29 17:00,1.9357237316862221
2025-10-29 18:00,2.908978747853713
2025-10-29 19:00,2.075678933430663
2025-10-29 20:00,1.9082599769621786
2025-10-29 21:00,1.1305481102383517
2025-10-29 22:00,0.25369479931928224
2025-10-29 23:00,0.17510214309236086
2025-10-30 00:00,1.8695301690989108
2025-10-30 01:00,2.132591324075763
2025-10-30 02:00,3.283486967945006
2025-10-30 03:00,2.56874345408816
2025-10-30 04:00,2.659478952179477
2025-10-30 05:00,1.5576561797110962
2025-10-30 06:00,1.0496718417897979
2025-10-30 07:00,1.5751824746915553
2025-10-30 08:00,0.858660014816475
2025-10-30 09:00,0.9008416987473673
2025-10-30 10:00,0.29893997891323326
2025-10-30 11:00,0.32568614821532554
2025-10-30 12:00,0.025987454768736373
2025-10-30 13:00,0.09878333876675167
2025-10-30 14:00,0.3150073671267229
2025-10-30 15:00,0.6693123686190873
2025-10-30 16:00,1.5896653625947899
2025-10-30 17:00,1.800105466570769
2025-10-30 18:00,1.4141948958361439
2025-10-30 19:00,2.3527032649669017
2025-10-30 20:00,2.6818839975701807
2025-10-30 21:00,2.7220473010783013
2025-10-30 22:00,3.4887303047975364
2025-10-30 23:00,2.451845436170979
2025-10-31 00:00,4.36999759605855
2025-10-31 01:00,3.7630658242105715
2025-10-31 02:00,3.9044760607007376
2025-10-31 03:00,2.9164967897334306
2025-10-31 04:00,4.362532675342035
2025-10-31 05:00,3.1911521088961745
2025-10-31 06:00,2.953561728444921
2025-10-31 07:00,3.3668522445742877
2025-10-31 08:00,1.490767122871903
2025-10-31 09:00,1.4281908131593426
2025-10-31 10:00,0.7304132871242554
2025-10-31 11:00,0.657736179111804
2025-10-31 12:00,0.7803656112346776
2025-10-31 13:00,1.6393899550412456
2025-10-31 14:00,4.0077567834388175
2025-10-31 15:00,4.783001199528739
2025-10-31 16:00,6.103141647205775
2025-10-31 17:00,5.203005950748379
2025-10-31 18:00,5.494580620723067
2025-10-31 19:00,5.067038227429262
2025-10-31 20:00,6.369459906169854
2025-10-31 21:00,7.451129754038124
2025-10-31 22:00,9.036651519649928
2025-10-31 23:00,11.76757870946203
2025-11-01 00:00,19.02704312249502
2025-11-01 01:00,18.301614380096094
2025-11-01 02:00,20.526360839313856
2025-11-01 03:00,21.305131842604517
2025-11-01 04:00,26.27858661500849
2025-11-01 05:00,29.671331416603874
2025-11-01 06:00,32.80867690821732
2025-11-01 07:00,38.200417664535244
2025-11-01 08:00,40.1462145921895
2025-11-01 09:00,37.961918778837
2025-11-01 10:00,39.50175717239987
2025-11-01 11:00,43.30553901668819
2025-11-01 12:00,43.75089100025685
2025-11-01 13:00,42.553968895950284
2025-11-01 14:00,37.839819423615886
2025-11-01 15:00,41.169887993238945
2025-11-01 16:00,37.53862519647915
2025-11-01 17:00,39.7644118984027
2025-11-01 18:00,34.18397760170622
2025-11-01 19:00,33.83103362627316
2025-11-01 20:00,33.786970834131274
2025-11-01 21:00,28.64994406900708
2025-11-01 22:00,29.457787657821957
2025-11-01 23:00,28.769816368381488
2025-11-02 00:00,37.293311753891
2025-11-02 01:00,37.20872955457815
2025-11-02 02:00,40.69812987711929
2025-11-02 03:00,42.84582470274132
2025-11-02 04:00,45.776688477450755
2025-11-02 05:00,42.692884589849804
2025-11-02 06:00,48.00239162292877
2025-11-02 07:00,54.09700074475978
2025-11-02 08:00,55.14583257677259
2025-11-02 09:00,56.93273997691176
2025-11-02 10:00,55.805288688312515
2025-11-02 11:00,56.105507145483266
2025-11-02 12:00,57.15380114847722
2025-11-02 13:00,57.68782835847287
2025-11-02 14:00,56.09970237367071
2025-11-02 15:00,56.690500215797734
2025-11-02 16:00,57.228510312051164
2025-11-02 17:00,58.26469406517449
2025-11-02 18:00,58.42638597364624
2025-11-02 19:00,59.960880598961786
2025-11-02 20:00,58.70689360865765
2025-11-02 21:00,59.20031388050209
2025-11-02 22:00,56.18538006989986
2025-11-02 23:00,55.53089917123233
2025-11-03 00:00,51.3441566811941
2025-11-03 01:00,46.911991025131975
2025-11-03 02:00,41.31261390155043
2025-11-03 03:00,36.164482970558744
2025-11-03 04:00,30.04481585663058
2025-11-03 05:00,17.243255955044212
2025-11-03 06:00,15.071495409431085
2025-11-03 07:00,11.874752805811406
2025-11-03 08:00,8.334030690441239
2025-11-03 09:00,5.998572003002413
2025-11-03 10:00,3.4199382699425036
2025-11-03 11:00,1.9025652718982098
2025-11-03 12:00,1.53920424619879
2025-11-03 13:00,1.7467831797629418
2025-11-03 14:00,1.562101849706248
2025-11-03 15:00,1.730680836778948
2025-11-03 16:00,1.626797508021536
2025-11-03 17:00,2.4346764653915964
2025-11-03 18:00,2.082091941810109
2025-11-03 19:00,1.32633196671528
2025-11-03 20:00,0.7486808677439081
2025-11-03 21:00,0.9632441388975449
2025-11-03 22:00,0.9347490391182903
2025-11-03 23:00,0.5303682675150029
2025-11-04 00:00,0.48818761754960094
2025-11-04 01:00,0.863677444234562
2025-11-04 02:00,1.4353611756744842
2025-11-04 03:00,1.3025913533727131
2025-11-04 04:00,1.8306254512192435
2025-11-04 05:00,2.138287366142572
2025-11-04 06:00,2.116281099323836
2025-11-04 07:00,1.1698326023484988
2025-11-04 08:00,1.4206473967725683
2025-11-04 09:00,0.6981905346243674
2025-11-04 10:00,0.2946467527187183
2025-11-04 11:00,0.2749924108847383
2025-11-04 12:00,0.2719951346474903
2025-11-04 13:00,1.1702645842117023
2025-11-04 14:00,1.8749656091608322
2025-11-04 15:00,3.8665445765546003
2025-11-04 16:00,5.081090111191648
2025-11-04 17:00,6.577300106640652
2025-11-04 18:00,8.559900665440084
2025-11-04 19:00,9.23033176300625
2025-11-04 20:00,8.884716022869567
2025-11-04 21:00,8.410767372655881
2025-11-04 22:00,7.997157055600923
2025-11-04 23:00,7.075676479803484
2025-11-05 00:00,8.983360272618446
2025-11-05 01:00,8.845158696869303
2025-11-05 02:00,8.819588144995956
2025-11-05 03:00,9.345142704897224
2025-11-05 04:00,8.36780990700265
2025-11-05 05:00,7.02046244658074
2025-11-05 06:00,5.339727633621842
2025-11-05 07:00,5.085251291924506
2025-11-05 08:00,4.723825785226011
2025-11-05 09:00,4.155748592715214
2025-11-05 10:00,2.4480532030322926
2025-11-05 11:00,1.0313534090409797
2025-11-05 12:00,1.0893383204984481
2025-11-05 13:00,3.701264914277227
2025-11-05 14:00,5.0937532577391975
2025-11-05 15:00,7.276609601274046
2025-11-05 16:00,8.320157647443695
2025-11-05 17:00,9.732646702948946
2025-11-05 18:00,11.769210301307643
2025-11-05 19:00,11.081127478742951
2025-11-05 20:00,9.309283740866094
2025-11-05 21:00,8.195066210649005
2025-11-05 22:00,6.352974303386698
2025-11-05 23:00,6.94998427908537
2025-11-06 00:00,6.57166447308564
2025-11-06 01:00,7.220056238191887
2025-11-06 02:00,7.361480470798622
2025-11-06 03:00,7.386898965439541
2025-11-06 04:00,8.270691217763813
2025-11-06 05:00,7.7564620031895535
2025-11-06 06:00,7.653952083668898
2025-11-06 07:00,10.625870904041554
2025-11-06 08:00,10.595151115536382
2025-11-06 09:00,10.740539521115124
2025-11-06 10:00,12.234246136438228
2025-11-06 11:00,12.473328265574708
2025-11-06 12:00,13.414507723056746
2025-11-06 13:00,15.74196717266588
2025-11-06 14:00,16.197492997518065
2025-11-06 15:00,19.039833371744752
2025-11-06 16:00,17.198355530565667
2025-11-06 17:00,16.27405276836731
2025-11-06 18:00,16.717386847346162
2025-11-06 19:00,15.490077679667069
2025-11-06 20:00,12.253856870675337
2025-11-06 21:00,9.875107940793152
2025-11-06 22:00,7.510878722444251
2025-11-06 23:00,6.338167079784445
2025-11-07 00:00,1.3902536617681658
2025-11-07 01:00,1.3277675449445128
2025-11-07 02:00,0.9741835404444771
2025-11-07 03:00,0.9984817025888925
2025-11-07 04:00,1.2393267179143006
2025-11-07 05:00,0.8030529533216487
2025-11-07 06:00,1.2532764666503668
2025-11-07 07:00,0.8729181395256088
2025-11-07 08:00,0.6545328970209897
2025-11-07 09:00,0.4187203594374756
2025-11-07 10:00,0.27177130575754777
2025-11-07 11:00,0.16698838204102137
2025-11-07 12:00,0.25238384010579046
2025-11-07 13:00,0.27191734530403644
2025-11-07 14:00,0.6706537594018994
2025-11-07 15:00,1.0875832984161897
2025-11-07 16:00,1.5647123011128306
2025-11-07 17:00,1.3053267499381858
2025-11-07 18:00,3.002834778673525
2025-11-07 19:00,2.731938697749154
2025-11-07 20:00,2.448741229785561
2025-11-07 21:00,1.9888058680921354
2025-11-07 22:00,2.0416240932432177
2025-11-07 23:00,2.164061727202993
2025-11-08 00:00,3.9921339424837208
2025-11-08 01:00,6.12095396451765
2025-11-08 02:00,6.760013201103196
2025-11-08 03:00,8.565712338248124
2025-11-08 04:00,9.414192518618558
2025-11-08 05:00,8.669726557050742
2025-11-08 06:00,9.113795560922073
2025-11-08 07:00,12.786559835091985
2025-11-08 08:00,10.166274180393529
2025-11-08 09:00,11.1788493086043
2025-11-08 10:00,10.577020074087324
2025-11-08 11:00,9.327546673752343
2025-11-08 12:00,8.644399392261079
2025-11-08 13:00,8.59781791156742
2025-11-08 14:00,7.5197217208377864
2025-11-08 15:00,5.556490181240399
2025-11-08 16:00,3.760699453644824
2025-11-08 17:00,4.611232588921653
2025-11-08 18:00,8.08312750997805
2025-11-08 19:00,13.226882018646004
2025-11-08 20:00,12.192884613804834
2025-11-08 21:00,15.108310214667968
2025-11-08 22:00,18.3051324661074
2025-11-08 23:00,16.446874004671557
2025-11-09 00:00,4.915587355298035
2025-11-09 01:00,3.4110846020519525
2025-11-09 02:00,3.6764242310345097
2025-11-09 03:00,5.786802062377997
2025-11-09 04:00,6.23885762248955
2025-11-09 05:00,7.034885070278669
2025-11-09 06:00,9.116451380372268
2025-11-09 07:00,7.983167706736477
2025-11-09 08:00,7.552072725192318
2025-11-09 09:00,8.820952938039037
2025-11-09 10:00,8.513093530858919
2025-11-09 11:00,7.925675482814337
2025-11-09 12:00,11.197982696050689
2025-11-09 13:00,13.028037104615061
2025-11-09 14:00,18.188862339871182
2025-11-09 15:00,20.893350681810517
2025-11-09 16:00,24.493000307974963
2025-11-09 17:00,25.693571241673222
2025-11-09 18:00,32.450573349600795
2025-11-09 19:00,41.96765042655189
2025-11-09 20:00,46.579864613920456
2025-11-09 21:00,46.346537910261496
2025-11-09 22:00,50.35980579624561
2025-11-09 23:00,52.768083232980445
2025-11-10 00:00,58.04961746413668
2025-11-10 01:00,58.45176789941717
2025-11-10 02:00,56.257179099368074
2025-11-10 03:00,54.30019161204137
2025-11-10 04:00,52.86339515453795
2025-11-10 05:00,50.075535241218155
2025-11-10 06:00,52.314606394159874
2025-11-10 07:00,50.10572909736936
2025-11-10 08:00,48.11729918131104
2025-11-10 09:00,47.49647061474068
2025-11-10 10:00,40.33908021477117
2025-11-10 11:00,39.00937772552729
2025-11-10 12:00,39.84062818769515
2025-11-10 13:00,37.55970739239506
2025-11-10 14:00,36.23044989589282
2025-11-10 15:00,33.704717041208575
2025-11-10 16:00,26.902782388203367
2025-11-10 17:00,22.176557380982686
2025-11-10 18:00,20.836544913041223
2025-11-10 19:00,18.573371564848696
2025-11-10 20:00,17.02679476036209
2025-11-10 21:00,15.82226779380281
2025-11-10 22:00,14.93122299161208
2025-11-10 23:00,15.94549404825617
2025-11-11 00:00,14.206146653011059
2025-11-11 01:00,14.812114008851779
2025-11-11 02:00,15.104687688085738
2025-11-11 03:00,14.547040741087486
2025-11-11 04:00,14.05955132377253
2025-11-11 05:00,13.63389114229615
2025-11-11 06:00,13.133997644441408
2025-11-11 07:00,11.370799024659505
2025-11-11 08:00,10.326039632191534
2025-11-11 09:00,9.11345667932135
2025-11-11 10:00,7.023343936246213
2025-11-11 11:00,6.632868346871754
2025-11-11 12:00,8.64012759091837
2025-11-11 13:00,9.443899502077727
2025-11-11 14:00,10.760675530419803
2025-11-11 15:00,12.112630803860363
2025-11-11 16:00,13.634423612057939
2025-11-11 17:00,12.825199773904805
2025-11-11 18:00,12.038651150394566
2025-11-11 19:00,10.969197693532472
2025-11-11 20:00,9.562204748224902
2025-11-11 21:00,6.075944193499403
2025-11-11 22:00,4.732152197160873
2025-11-11 23:00,4.188848064164654
2025-11-12 00:00,7.830897816097605
2025-11-12 01:00,8.566614230099132
2025-11-12 02:00,8.669726887594502
2025-11-12 03:00,6.833231780981223
2025-11-12 04:00,6.358691674080267
2025-11-12 05:00,4.914447277657362
2025-11-12 06:00,4.530226663678597
2025-11-12 07:00,3.957420774072926
2025-11-12 08:00,2.9449445066724853
2025-11-12 09:00,2.4295137683020953
2025-11-12 10:00,1.7090140704536914
2025-11-12 11:00,1.527701081701079
2025-11-12 12:00,1.8805690281619103
2025-11-12 13:00,2.4408377589759658
2025-11-12 14:00,3.5959445396483045
2025-11-12 15:00,6.006059034923578
2025-11-12 16:00,7.187496823589917
2025-11-12 17:00,8.842973094189352
2025-11-12 18:00,8.356542260229368
2025-11-12 19:00,7.82098089044965
2025-11-12 20:00,6.374583860964421
2025-11-12 21:00,6.658991354126737
2025-11-12 22:00,6.5732292735330375
2025-11-12 23:00,6.232794897018326
2025-11-13 00:00,9.832322628998691
2025-11-13 01:00,9.319758107451003
2025-11-13 02:00,11.596138883828951
2025-11-13 03:00,12.592756765340221
2025-11-13 04:00,13.377111677643759
2025-11-13 05:00,11.544133321571705
2025-11-13 06:00,10.665700009238263
2025-11-13 07:00,8.116139174494082
2025-11-13 08:00,7.196430771822315
2025-11-13 09:00,5.921016265451249
2025-11-13 10:00,4.3042816744925805
2025-11-13 11:00,3.3101315581933997
2025-11-13 12:00,4.602885656494435
2025-11-13 13:00,8.440030970770271
2025-11-13 14:00,14.9529610186718
2025-11-13 15:00,22.45732081180837
2025-11-13 16:00,22.908697941161165
2025-11-13 17:00,26.0530427801712
2025-11-13 18:00,24.82458830597959
2025-11-13 19:00,24.831007220573174
2025-11-13 20:00,23.183790184910407
2025-11-13 21:00,22.719414895135998
2025-11-13 22:00,21.49219977517227
2025-11-13 23:00,20.454277234780406
2025-11-14 00:00,10.224210668264595
2025-11-14 01:00,10.475402625576539
2025-11-14 02:00,10.183237859261512
2025-11-14 03:00,10.684076128876745
2025-11-14 04:00,11.157873671233638
2025-11-14 05:00,9.940978792066664
2025-11-14 06:00,9.681874764726745
2025-11-14 07:00,9.833034705073457
2025-11-14 08:00,10.553837336950416
2025-11-14 09:00,8.5991548589387
2025-11-14 10:00,9.252315617315695
2025-11-14 11:00,8.930672506903818
2025-11-14 12:00,12.149808842704346
2025-11-14 13:00,14.00435257441796
2025-11-14 14:00,14.615432356166965
2025-11-14 15:00,17.484147781061623
2025-11-14 16:00,15.517574670526912
2025-11-14 17:00,14.077474155134261
2025-11-14 18:00,15.502951526380064
2025-11-14 19:00,15.141496396120226
2025-11-14 20:00,12.243837062182585
2025-11-14 21:00,11.021342377761455
2025-11-14 22:00,9.173055067631287
2025-11-14 23:00,8.113989470983
2025-11-15 00:00,6.841560288602358
2025-11-15 01:00,7.237449061503956
2025-11-15 02:00,6.834910518967952
2025-11-15 03:00,7.0205814748401005
2025-11-15 04:00,6.546065142139426
2025-11-15 05:00,4.865799891314386
2025-11-15 06:00,3.854563117004638
2025-11-15 07:00,2.9439450699941667
2025-11-15 08:00,2.2511712480417447
2025-11-15 09:00,1.7678115422174614
2025-11-15 10:00,1.3127402208737589
2025-11-15 11:00,1.2269693430702115
2025-11-15 12:00,1.491855843974733
2025-11-15 13:00,1.8617162287989182
2025-11-15 14:00,1.8373982718310409
2025-11-15 15:00,2.3816635581743197
2025-11-15 16:00,3.2152710539814287
2025-11-15 17:00,3.8981087061421427
2025-11-15 18:00,3.7639523103807933
2025-11-15 19:00,3.346105990778933
2025-11-15 20:00,2.6800511789278167
2025-11-15 21:00,1.5942183469629236
2025-11-15 22:00,1.4811432065265946
2025-11-15 23:00,1.0771153848461152
2025-11-16 00:00,0.43708380129907365
2025-11-16 01:00,0.9765802502796377
2025-11-16 02:00,1.4419018694525239
2025-11-16 03:00,1.6572697169887347
2025-11-16 04:00,1.3343649610237494
2025-11-16 05:00,1.0844913289283935
2025-11-16 06:00,0.9346041585622064
2025-11-16 07:00,0.4156070624072794
2025-11-16 08:00,0.9009073881309991
2025-11-16 09:00,1.0253207020192923
2025-11-16 10:00,1.6336718112908108
2025-11-16 11:00,1.6917550174035787
2025-11-16 12:00,2.4421196278449355
2025-11-16 13:00,4.240991987080934
2025-11-16 14:00,3.423166577768112
2025-11-16 15:00,4.0556791413550455
2025-11-16 16:00,4.258236893583292
2025-11-16 17:00,3.3632445049228736
2025-11-16 18:00,4.512678388614533
2025-11-16 19:00,6.421253675024739
2025-11-16 20:00,8.076987279691794
2025-11-16 21:00,8.566350424099811
2025-11-16 22:00,11.12936737753567
2025-11-16 23:00,12.17065089486024
2025-11-17 00:00,45.57989911995755
2025-11-17 01:00,51.07297497023947
2025-11-17 02:00,55.495418666544616
2025-11-17 03:00,55.4693090505817
2025-11-17 04:00,57.28916480882387
2025-11-17 05:00,57.35413591622407
2025-11-17 06:00,57.647110813044065
2025-11-17 07:00,55.75724512510926
2025-11-17 08:00,53.80651166730481
2025-11-17 09:00,50.822595896329716
2025-11-17 10:00,50.0503690440699
2025-11-17 11:00,50.83172316965844
2025-11-17 12:00,55.16595298070063
2025-11-17 13:00,55.41351469850806
2025-11-17 14:00,55.9736230209402
2025-11-17 15:00,56.717001976618086
2025-11-17 16:00,56.801446095672816
2025-11-17 17:00,58.00094585046571
2025-11-17 18:00,57.52851585558293
2025-11-17 19:00,57.04624411533481
2025-11-17 20:00,57.3904241437585
2025-11-17 21:00,58.15690623824758
2025-11-17 22:00,57.641244447512925
2025-11-17 23:00,57.22233253150299
2025-11-18 00:00,56.89680542201486
2025-11-18 01:00,55.96948459224118
2025-11-18 02:00,54.825030983668036
2025-11-18 03:00,54.91323673634661
2025-11-18 04:00,55.65680972062106
2025-11-18 05:00,52.74126060214581
2025-11-18 06:00,52.57767580995917
2025-11-18 07:00,44.2615627911708
2025-11-18 08:00,42.57023301051078
2025-11-18 09:00,45.71360306597135
2025-11-18 10:00,44.13281082907125
2025-11-18 11:00,42.37856906785979
2025-11-18 12:00,45.57946430607668
2025-11-18 13:00,48.897964969497174
2025-11-18 14:00,41.961083216684614
2025-11-18 15:00,46.698717014530395
2025-11-18 16:00,44.13493089766558
2025-11-18 17:00,39.70951625962669
2025-11-18 18:00,37.00353951019018
2025-11-18 19:00,34.38876761661246
2025-11-18 20:00,25.828518896832218
2025-11-18 21:00,25.970860085943087
2025-11-18 22:00,23.409323143404762
2025-11-18 23:00,21.512818367321426
2025-11-19 00:00,11.381738309785987
2025-11-19 01:00,10.186188255528057
2025-11-19 02:00,8.867081642776531
2025-11-19 03:00,7.928121870588735
2025-11-19 04:00,8.819023628110672
2025-11-19 05:00,6.9392053254133
2025-11-19 06:00,7.491184133961419
2025-11-19 07:00,6.587146736653994
2025-11-19 08:00,6.081786566352846
2025-11-19 09:00,4.21853871272332
2025-11-19 10:00,2.4134014927204186
2025-11-19 11:00,2.358351790980567
2025-11-19 12:00,2.4069335108424563
2025-11-19 13:00,2.98292696240221
2025-11-19 14:00,3.4456458242291337
2025-11-19 15:00,4.932229459059742
2025-11-19 16:00,4.295452684761076
2025-11-19 17:00,4.407333695488277
2025-11-19 18:00,3.7318781106342596
2025-11-19 19:00,2.6779264040445274
2025-11-19 20:00,2.291190316767674
2025-11-19 21:00,2.0987297544162016
2025-11-19 22:00,1.929168521240855
2025-11-19 23:00,2.341654307773177
2025-11-20 00:00,2.9276371698939627
2025-11-20 01:00,2.5037530368827787
2025-11-20 02:00,2.298035357651193
2025-11-20 03:00,2.785203318595284
2025-11-20 04:00,2.0687119704601855
2025-11-20 05:00,2.466609325322974
2025-11-20 06:00,3.0002895209887748
2025-11-20 07:00,3.4825075327262742
2025-11-20 08:00,7.357751338813292
2025-11-20 09:00,7.933475103590207
2025-11-20 10:00,8.370957925392664
2025-11-20 11:00,9.13640045644978
2025-11-20 12:00,12.90864957159547
2025-11-20 13:00,16.535200038709423
2025-11-20 14:00,18.26736472982287
2025-11-20 15:00,22.1964371640798
2025-11-20 16:00,24.56990103107198
2025-11-20 17:00,26.70620272198401
2025-11-20 18:00,25.54044579833231
2025-11-20 19:00,28.6740785153905
2025-11-20 20:00,28.757596837844073
2025-11-20 21:00,27.292861427217613
2025-11-20 22:00,24.34593944140386
2025-11-20 23:00,24.83289632892321
2025-11-21 00:00,18.074749927858203
2025-11-21 01:00,15.40305009224194
2025-11-21 02:00,12.774077993577762
2025-11-21 03:00,12.671501425429604
2025-11-21 04:00,10.066214435908295
2025-11-21 05:00,6.103920727216892
2025-11-21 06:00,4.7120965291748
2025-11-21 07:00,2.7717153800956376
2025-11-21 08:00,1.818126204869652
2025-11-21 09:00,1.3728020169539903
2025-11-21 10:00,0.9951085381514492
2025-11-21 11:00,2.2940262399948694
2025-11-21 12:00,4.10214670778008
2025-11-21 13:00,4.623328727280095
2025-11-21 14:00,6.999761248949839
2025-11-21 15:00,11.849700965454668
2025-11-21 16:00,11.207555907371514
2025-11-21 17:00,10.04262603261401
2025-11-21 18:00,10.48554205216584
2025-11-21 19:00,8.80660135606534
2025-11-21 20:00,10.752892765567912
2025-11-21 21:00,8.665566259805766
2025-11-21 22:00,9.962212615581471
2025-11-21 23:00,9.803219972269646
2025-11-22 00:00,8.746423826752604
2025-11-22 01:00,7.60677081804418
2025-11-22 02:00,8.650201758946151
2025-11-22 03:00,7.66998970897091
2025-11-22 04:00,7.641187388757619
2025-11-22 05:00,7.57193409242529
2025-11-22 06:00,7.7756926578232735
2025-11-22 07:00,6.565468513282535
2025-11-22 08:00,4.02166204217682
2025-11-22 09:00,3.0211235845138087
2025-11-22 10:00,2.174408746722988
2025-11-22 11:00,2.734849039393507
2025-11-22 12:00,3.406472963984378
2025-11-22 13:00,3.6647077447489487
2025-11-22 14:00,2.7531599767312422
2025-11-22 15:00,4.056574078582836
2025-11-22 16:00,3.493878451635038
2025-11-22 17:00,2.9555857217317496
2025-11-22 18:00,3.1956699954109262
2025-11-22 19:00,2.709219565280699
2025-11-22 20:00,3.7205375375401086
2025-11-22 21:00,4.445982719232068
2025-11-22 22:00,5.130265966740164
2025-11-22 23:00,7.029048295741816
2025-11-23 00:00,7.55637239577394
2025-11-23 01:00,9.11574668190992
2025-11-23 02:00,8.889370921223767
2025-11-23 03:00,11.812641279301095
2025-11-23 04:00,13.945729546797791
2025-11-23 05:00,11.919798427121231
2025-11-23 06:00,12.881420948848891
2025-11-23 07:00,15.46293151641467
2025-11-23 08:00,17.13635522832214
2025-11-23 09:00,17.5859074316768
2025-11-23 10:00,17.049128024614486
2025-11-23 11:00,16.5623361009212
2025-11-23 12:00,17.528561002001616
2025-11-23 13:00,19.13572657983551
2025-11-23 14:00,20.105299307284334
2025-11-23 15:00,21.48496572832812
2025-11-23 16:00,20.06593264461468
2025-11-23 17:00,18.38160544960374
2025-11-23 18:00,18.53387493419915
2025-11-23 19:00,17.885349199464912
2025-11-23 20:00,15.32812247153251
2025-11-23 21:00,16.702026330471995
2025-11-23 22:00,14.860069795810047
2025-11-23 23:00,14.463097205845635
2025-11-24 00:00,16.631485805041212
2025-11-24 01:00,14.934860288281657
2025-11-24 02:00,13.497803935757142
2025-11-24 03:00,14.23294475884033
2025-11-24 04:00,14.13144794376143
2025-11-24 05:00,15.090060338522369
2025-11-24 06:00,14.803151476420794
2025-11-24 07:00,17.733357247527913
2025-11-24 08:00,20.658862294208575
2025-11-24 09:00,20.39356474814435
2025-11-24 10:00,20.67094989476973
2025-11-24 11:00,18.228291893153564
2025-11-24 12:00,18.94023239128439
2025-11-24 13:00,17.58024612668745
2025-11-24 14:00,15.770263761688417
2025-11-24 15:00,14.57935959262445
2025-11-24 16:00,12.505629796952897
2025-11-24 17:00,8.151528893540922
2025-11-24 18:00,7.140475338516453
2025-11-24 19:00,9.246660524300642
2025-11-24 20:00,11.213025968928955
2025-11-24 21:00,10.996804294635739
2025-11-24 22:00,13.476219990154846
2025-11-24 23:00,16.127418371904103
2025-11-25 00:00,10.705541210269187
2025-11-25 01:00,12.688015205094414
2025-11-25 02:00,15.838402257254222
2025-11-25 03:00,17.890182826814364
2025-11-25 04:00,22.006549035652977
2025-11-25 05:00,29.60813519787747
2025-11-25 06:00,37.39829029650865
2025-11-25 07:00,40.51822494891123
2025-11-25 08:00,51.088405920285176
2025-11-25 09:00,52.53113634355608
2025-11-25 10:00,56.46027220251426
2025-11-25 11:00,58.05574675149821
2025-11-25 12:00,58.66425592191291
2025-11-25 13:00,59.92684327774223
2025-11-25 14:00,59.164073431366084
2025-11-25 15:00,59.572974445018254
2025-11-25 16:00,59.098403327656996
2025-11-25 17:00,58.7749400075867
2025-11-25 18:00,57.930827896494726
2025-11-25 19:00,58.059505417692456
2025-11-25 20:00,54.67494926769573
2025-11-25 21:00,51.33834861017139
2025-11-25 22:00,49.56925209971208
2025-11-25 23:00,46.62369370378806
2025-11-26 00:00,17.38555441650408
2025-11-26 01:00,14.5756938800341
2025-11-26 02:00,13.710489942979743
2025-11-26 03:00,11.19368191279989
2025-11-26 04:00,8.554562712857734
2025-11-26 05:00,6.6900141109126645
2025-11-26 06:00,5.183370815331454
2025-11-26 07:00,3.161538099525664
2025-11-26 08:00,1.8054905020600984
2025-11-26 09:00,2.4352565647212665
2025-11-26 10:00,1.7874259569541648
2025-11-26 11:00,1.5271611404963181
2025-11-26 12:00,1.674515495091389
2025-11-26 13:00,1.5739134846439544
2025-11-26 14:00,2.329689153977684
2025-11-26 15:00,2.526576035743186
2025-11-26 16:00,3.5507278551315
2025-11-26 17:00,2.740957039191952
2025-11-26 18:00,1.6391983107762726
2025-11-26 19:00,1.1397875067284582
2025-11-26 20:00,1.4243457514340523
2025-11-26 21:00,1.1830421982177983
2025-11-26 22:00,0.9818475784773737
2025-11-26 23:00,1.3335981173727653
2025-11-27 00:00,18.18456800857432
2025-11-27 01:00,23.668415447516185
2025-11-27 02:00,31.58669600861298
2025-11-27 03:00,36.64595988326923
2025-11-27 04:00,38.24692686691581
2025-11-27 05:00,41.98555077545071
2025-11-27 06:00,48.651765689668444
2025-11-27 07:00,52.202660194012346
2025-11-27 08:00,54.03276030082025
2025-11-27 09:00,54.412164546039435
2025-11-27 10:00,55.73907526846866
2025-11-27 11:00,57.31148409586277
2025-11-27 12:00,57.93212461159319
2025-11-27 13:00,55.68232268888831
2025-11-27 14:00,54.89931430170842
2025-11-27 15:00,56.44962197693862
2025-11-27 16:00,57.2155557972924
2025-11-27 17:00,58.331463982332025
2025-11-27 18:00,58.64050618103422
2025-11-27 19:00,59.595168049883135
2025-11-27 20:00,59.676798195245595
2025-11-27 21:00,57.46622260882807
2025-11-27 22:00,57.47985459295172
2025-11-27 23:00,58.7638919740427
2025-11-28 00:00,52.838623634918925
2025-11-28 01:00,50.562412003151614
2025-11-28 02:00,49.33669149723855
2025-11-28 03:00,44.3350065330564
2025-11-28 04:00,43.05221789944826
2025-11-28 05:00,37.08720605969196
2025-11-28 06:00,28.68680532415385
2025-11-28 07:00,24.16360900735549
2025-11-28 08:00,15.36815143231818
2025-11-28 09:00,11.65895710372751
2025-11-28 10:00,7.150225522480331
2025-11-28 11:00,6.317516582473181
2025-11-28 12:00,5.30360036473525
2025-11-28 13:00,5.896240080094493
2025-11-28 14:00,5.1238839768690605
2025-11-28 15:00,5.429995676269691
2025-11-28 16:00,5.159576528315206
2025-11-28 17:00,5.485883836945448
2025-11-28 18:00,4.244869014777664
2025-11-28 19:00,3.204139693904858
2025-11-28 20:00,1.6905813974574215
2025-11-28 21:00,1.9032570777903246
2025-11-28 22:00,1.5254604699594303
2025-11-28 23:00,1.8513709996565533
2025-11-29 00:00,2.2938567947351127
2025-11-29 01:00,2.7473014429938165
2025-11-29 02:00,3.81025822626517
2025-11-29 03:00,2.920108399186239
2025-11-29 04:00,4.520054439851321
2025-11-29 05:00,4.586124799306274
2025-11-29 06:00,5.61034760847117
2025-11-29 07:00,8.606734789888739
2025-11-29 08:00,17.040120324217337
2025-11-29 09:00,25.227881266554743
2025-11-29 10:00,28.0043330818492
2025-11-29 11:00,39.44933421553858
2025-11-29 12:00,46.06982986810092
2025-11-29 13:00,47.11825090520599
2025-11-29 14:00,45.892518418562965
2025-11-29 15:00,46.302224393682486
2025-11-29 16:00,45.824542855489604
2025-11-29 17:00,42.27329487071864
2025-11-29 18:00,39.9393963466021
2025-11-29 19:00,34.68300260844112
2025-11-29 20:00,31.00427567596937
2025-11-29 21:00,31.202618477675802
2025-11-29 22:00,29.5232728442811
2025-11-29 23:00,27.942614276009056
2025-11-30 00:00,31.733051237499613
2025-11-30 01:00,25.295215477363573
2025-11-30 02:00,23.87224079654933
2025-11-30 03:00,20.978758293693957
2025-11-30 04:00,19.247915085697258
2025-11-30 05:00,16.601321535895355
2025-11-30 06:00,14.74351260411657
2025-11-30 07:00,17.031529115165274
2025-11-30 08:00,19.577743044747987
2025-11-30 09:00,19.84874242768797
2025-11-30 10:00,20.283130644767354
2025-11-30 11:00,20.704926961325985
2025-11-30 12:00,23.237471848576757
2025-11-30 13:00,26.561545165627198
2025-11-30 14:00,26.89650779369965
2025-11-30 15:00,28.513365629146165
2025-11-30 16:00,31.411116869994007
2025-11-30 17:00,31.157163632813624
2025-11-30 18:00,29.435596687544262
2025-11-30 19:00,26.26965963273231
2025-11-30 20:00,18.12161882027091
2025-11-30 21:00,18.257939422419444
2025-11-30 22:00,15.731428701533831
2025-11-30 23:00,12.65417327644233
2025-12-01 00:00,33.134844652075394
2025-12-01 01:00,34.94496478670707
2025-12-01 02:00,36.253708956212115
2025-12-01 03:00,36.62476763302715
2025-12-01 04:00,29.906798745331297
2025-12-01 05:00,27.86993043095494
2025-12-01 06:00,25.387882236941405
2025-12-01 07:00,22.290762424775025
2025-12-01 08:00,20.402896262670936
2025-12-01 09:00,21.5953657593935
2025-12-01 10:00,17.237851526681634
2025-12-01 11:00,19.67363506595085
2025-12-01 12:00,23.784290133908048
2025-12-01 13:00,26.572351304251313
2025-12-01 14:00,27.055350137844986
2025-12-01 15:00,26.63432156422739
2025-12-01 16:00,26.57369248382031
2025-12-01 17:00,23.672103569732496
2025-12-01 18:00,19.456725486135444
2025-12-01 19:00,19.71985570190831
2025-12-01 20:00,17.790518960211415
2025-12-01 21:00,13.674275732338963
2025-12-01 22:00,15.166848318036434
2025-12-01 23:00,16.15415132972935
2025-12-02 00:00,30.460087993512975
2025-12-02 01:00,31.19574292730678
2025-12-02 02:00,33.66199464481941
2025-12-02 03:00,35.534899710993855
2025-12-02 04:00,40.7249572414533
2025-12-02 05:00,39.49916923070332
2025-12-02 06:00,45.124004511347756
2025-12-02 07:00,47.43461284780296
2025-12-02 08:00,48.272656803324026
2025-12-02 09:00,48.71142206714066
2025-12-02 10:00,49.02232650261336
2025-12-02 11:00,49.14364262258411
2025-12-02 12:00,47.01993554426024
2025-12-02 13:00,49.474929871721855
2025-12-02 14:00,45.28518024199746
2025-12-02 15:00,48.21072204137166
2025-12-02 16:00,48.399824251562215
2025-12-02 17:00,49.1849134342153
2025-12-02 18:00,47.42510879944453
2025-12-02 19:00,43.050710297482986
2025-12-02 20:00,41.50364531489741
2025-12-02 21:00,40.08906416009631
2025-12-02 22:00,37.36738360322655
2025-12-02 23:00,33.79896950653823
2025-12-03 00:00,47.23545090273715
2025-12-03 01:00,48.86323741400009
2025-12-03 02:00,51.89247757891752
2025-12-03 03:00,45.771280981870866
2025-12-03 04:00,48.2164890133663
2025-12-03 05:00,46.387161289268
2025-12-03 06:00,40.788316980144465
2025-12-03 07:00,38.93853541383464
2025-12-03 08:00,39.96952549318822
2025-12-03 09:00,44.13455121424377
2025-12-03 10:00,47.605135532813954
2025-12-03 11:00,49.39898165423682
2025-12-03 12:00,53.26056748236045
2025-12-03 13:00,55.93209691724375
2025-12-03 14:00,54.592665145365224
2025-12-03 15:00,56.27099868491865
2025-12-03 16:00,57.85260838319323
2025-12-03 17:00,56.00145383425231
2025-12-03 18:00,58.84906136181477
2025-12-03 19:00,56.04755097956848
2025-12-03 20:00,53.24039224990065
2025-12-03 21:00,49.815951041876815
2025-12-03 22:00,43.83131921087479
2025-12-03 23:00,39.68267041369028
2025-12-04 00:00,35.007899412812954
2025-12-04 01:00,32.02766588838179
2025-12-04 02:00,27.90921495016231
2025-12-04 03:00,24.634258868055127
2025-12-04 04:00,20.58736857946243
2025-12-04 05:00,11.289244879027187
2025-12-04 06:00,11.59754896304402
2025-12-04 07:00,9.326914437210815
2025-12-04 08:00,4.936658539338404
2025-12-04 09:00,4.641844478830293
2025-12-04 10:00,3.4171545367708744
2025-12-04 11:00,1.8146169555803702
2025-12-04 12:00,2.4421969623380266
2025-12-04 13:00,2.464868998639131
2025-12-04 14:00,5.495793503998217
2025-12-04 15:00,8.646070676864833
2025-12-04 16:00,15.720663066365617
2025-12-04 17:00,24.521390169576417
2025-12-04 18:00,29.003570323577126
2025-12-04 19:00,44.705284033960346
2025-12-04 20:00,52.80355020776259
2025-12-04 21:00,56.738805547638
2025-12-04 22:00,59.69055843066175
2025-12-04 23:00,59.274490050962136
2025-12-05 00:00,59.16094916003258
2025-12-05 01:00,57.77021578600386
2025-12-05 02:00,55.668186662614175
2025-12-05 03:00,55.67114671290445
2025-12-05 04:00,53.75538922235783
2025-12-05 05:00,47.89127828739061
2025-12-05 06:00,39.75979883590301
2025-12-05 07:00,35.52603200491277
2025-12-05 08:00,25.95806227332221
2025-12-05 09:00,23.065470379654986
2025-12-05 10:00,16.356284427825855
2025-12-05 11:00,13.429893781933208
2025-12-05 12:00,13.29430840378496
2025-12-05 13:00,12.782139658734337
2025-12-05 14:00,14.091789136827435
2025-12-05 15:00,13.081293360232818
2025-12-05 16:00,14.013866104379682
2025-12-05 17:00,11.02190640491178
2025-12-05 18:00,7.516199102052723
2025-12-05 19:00,5.448259780241693
2025-12-05 20:00,3.868902388762639
2025-12-05 21:00,2.8538865292774
2025-12-05 22:00,1.8762450139124531
2025-12-05 23:00,1.9205100185984054
2025-12-06 00:00,2.1114958624152838
2025-12-06 01:00,2.3204427491754296
2025-12-06 02:00,2.0742293736890627
2025-12-06 03:00,2.2992930005264234
2025-12-06 04:00,3.1185798498411827
2025-12-06 05:00,4.306928902147007
2025-12-06 06:00,5.9661247600404534
2025-12-06 07:00,7.993061925129505
2025-12-06 08:00,9.816708437039974
2025-12-06 09:00,13.526347603552168
2025-12-06 10:00,19.152088462421826
2025-12-06 11:00,25.41600539938337
2025-12-06 12:00,28.691868024347087
2025-12-06 13:00,38.1849726148351
2025-12-06 14:00,39.92157785958086
2025-12-06 15:00,43.3593915969669
2025-12-06 16:00,45.12097610937192
2025-12-06 17:00,41.021097176432214
2025-12-06 18:00,41.76049561451264
2025-12-06 19:00,43.21847499223768
2025-12-06 20:00,41.68974214099745
2025-12-06 21:00,39.517460542947596
2025-12-06 22:00,40.3657055866265
2025-12-06 23:00,39.87367808241228
2025-12-07 00:00,24.79701037437735
2025-12-07 01:00,24.5477695069268
2025-12-07 02:00,24.578334236079257
2025-12-07 03:00,23.120615761750795
2025-12-07 04:00,20.32874247685058
2025-12-07 05:00,18.240808795372633
2025-12-07 06:00,14.073392919526663
2025-12-07 07:00,15.678285520289776
2025-12-07 08:00,15.927738886235936
2025-12-07 09:00,14.587272827457122
2025-12-07 10:00,15.86020572409094
2025-12-07 11:00,20.588928574477574
2025-12-07 12:00,23.132047793054905
2025-12-07 13:00,25.03391413733662
2025-12-07 14:00,32.44808025328692
2025-12-07 15:00,37.40539860361898
2025-12-07 16:00,34.95141902202857
2025-12-07 17:00,36.8892744827594
2025-12-07 18:00,38.20383358903901
2025-12-07 19:00,41.90320695667486
2025-12-07 20:00,41.494648980514455
2025-12-07 21:00,42.88411202102676
2025-12-07 22:00,45.1005364974115
2025-12-07 23:00,49.56906822150214
2025-12-08 00:00,50.94359266871419
2025-12-08 01:00,52.10314972096966
2025-12-08 02:00,52.3213846117703
2025-12-08 03:00,52.023675256107026
2025-12-08 04:00,53.590729552365424
2025-12-08 05:00,52.2246254071978
2025-12-08 06:00,48.685639390192286
2025-12-08 07:00,43.37769207706159
2025-12-08 08:00,36.28036913155797
2025-12-08 09:00,32.514129211280355
2025-12-08 10:00,28.881856451049625
2025-12-08 11:00,29.660239470277077
2025-12-08 12:00,30.430428450847117
2025-12-08 13:00,28.06639544475574
2025-12-08 14:00,29.320446626979376
2025-12-08 15:00,30.73940867184665
2025-12-08 16:00,27.40815914788565
2025-12-08 17:00,24.250823169365066
2025-12-08 18:00,21.634301022155597
2025-12-08 19:00,18.8658694876658
2025-12-08 20:00,13.201616814412908
2025-12-08 21:00,10.592000486862725
2025-12-08 22:00,9.53722541400663
2025-12-08 23:00,7.412829930229155
2025-12-09 00:00,5.936971064482855
2025-12-09 01:00,5.0164834118041215
2025-12-09 02:00,5.41189343298655
2025-12-09 03:00,5.784022985573503
2025-12-09 04:00,5.37536567477607
2025-12-09 05:00,4.121572646062165
2025-12-09 06:00,3.8444357112176006
2025-12-09 07:00,2.9567564574188387
2025-12-09 08:00,2.1682834962447366
2025-12-09 09:00,2.96359075436096
2025-12-09 10:00,2.056467392174032
2025-12-09 11:00,2.320337634718157
2025-12-09 12:00,1.8929681521706387
2025-12-09 13:00,2.2618631653254795
2025-12-09 14:00,3.325141481820287
2025-12-09 15:00,3.82744870834521
2025-12-09 16:00,2.7516870346522513
2025-12-09 17:00,1.7289483498398919
2025-12-09 18:00,0.37468862920715923
2025-12-09 19:00,1.252756093352442
2025-12-09 20:00,2.3221941870592215
2025-12-09 21:00,2.2140660471842812
2025-12-09 22:00,2.65104125988509
2025-12-09 23:00,2.8348547639474977
2025-12-10 00:00,2.002628588470506
2025-12-10 01:00,2.050245841566905
2025-12-10 02:00,2.2112665784711467
2025-12-10 03:00,2.1101387280617683
2025-12-10 04:00,2.445474881940609
2025-12-10 05:00,2.3063981129360465
2025-12-10 06:00,2.4526675984679756
2025-12-10 07:00,2.057023112051377
2025-12-10 08:00,2.439548186414958
2025-12-10 09:00,2.4519330095313054
2025-12-10 10:00,3.3461161570456306
2025-12-10 11:00,3.1790478209466517
2025-12-10 12:00,3.7655312674468284
2025-12-10 13:00,3.5138153416783116
2025-12-10 14:00,3.7316499867055075
2025-12-10 15:00,3.892200076252852
2025-12-10 16:00,2.94773952537362
2025-12-10 17:00,2.846591874966722
2025-12-10 18:00,2.9351563412887365
2025-12-10 19:00,3.239493298401797
2025-12-10 20:00,3.6996578373875284
2025-12-10 21:00,3.203275081985415
2025-12-10 22:00,4.222068445325583
2025-12-10 23:00,3.603111489409631
2025-12-11 00:00,25.283202622965334
2025-12-11 01:00,26.965502866840705
2025-12-11 02:00,23.66851481422816
2025-12-11 03:00,21.08385668022081
2025-12-11 04:00,24.764101518571692
2025-12-11 05:00,24.21442144172127
2025-12-11 06:00,22.55914185511816
2025-12-11 07:00,20.791473104119518
2025-12-11 08:00,31.623877113706268
2025-12-11 09:00,39.61453200123064
2025-12-11 10:00,45.57170546973151
2025-12-11 11:00,50.05167421822788
2025-12-11 12:00,56.6588787676867
2025-12-11 13:00,58.79976177792519
2025-12-11 14:00,58.583607565722104
2025-12-11 15:00,59.203308506572
2025-12-11 16:00,57.94827184629562
2025-12-11 17:00,57.53661065664287
2025-12-11 18:00,57.63364244629867
2025-12-11 19:00,57.449221182286244
2025-12-11 20:00,55.37444432828759
2025-12-11 21:00,55.91673425263675
2025-12-11 22:00,55.81899306242189
2025-12-11 23:00,56.24967002349487
2025-12-12 00:00,46.00152243507605
2025-12-12 01:00,43.330791529219674
2025-12-12 02:00,39.54203728344773
2025-12-12 03:00,33.76173972835269
2025-12-12 04:00,29.922313299516688
2025-12-12 05:00,23.625015448913956
2025-12-12 06:00,21.782759016421178
2025-12-12 07:00,17.896769795544532
2025-12-12 08:00,15.811895779917768
2025-12-12 09:00,12.432720105756852
2025-12-12 10:00,8.838085048255133
2025-12-12 11:00,7.6009945738997855
2025-12-12 12:00,5.993301243380461
2025-12-12 13:00,3.4181559247585667
2025-12-12 14:00,1.761717808489669
2025-12-12 15:00,2.3248471754999382
2025-12-12 16:00,2.4938868281541757
2025-12-12 17:00,3.290896579747784
2025-12-12 18:00,3.651922606517649
2025-12-12 19:00,3.5012733297189933
2025-12-12 20:00,3.7894298696640027
2025-12-12 21:00,3.9342316233434786
2025-12-12 22:00,4.735273149344092
2025-12-12 23:00,4.01258262887552
2025-12-13 00:00,5.399086327053948
2025-12-13 01:00,6.332556569258256
2025-12-13 02:00,6.094844872451929
2025-12-13 03:00,7.917928594220718
2025-12-13 04:00,9.33138512295939
2025-12-13 05:00,8.333785615011159
2025-12-13 06:00,7.866968806575879
2025-12-13 07:00,7.501398467189635
2025-12-13 08:00,5.358811041690731
2025-12-13 09:00,4.587562734501689
2025-12-13 10:00,5.1695936656642045
2025-12-13 11:00,9.091108626748818
2025-12-13 12:00,9.113937610327332
2025-12-13 13:00,14.010223977136908
2025-12-13 14:00,18.863240715319424
2025-12-13 15:00,16.823188522565832
2025-12-13 16:00,20.141650295646738
2025-12-13 17:00,18.20324203774882
2025-12-13 18:00,18.88424026086612
2025-12-13 19:00,16.393112598686333
2025-12-13 20:00,14.910440112643721
2025-12-13 21:00,14.035283412269997
2025-12-13 22:00,13.781776608289084
2025-12-13 23:00,9.397507087249743
2025-12-14 00:00,30.994368389973406
2025-12-14 01:00,31.15758945243111
2025-12-14 02:00,29.054773029694356
2025-12-14 03:00,27.669724253940796
2025-12-14 04:00,26.3688846828819
2025-12-14 05:00,25.626588650745443
2025-12-14 06:00,33.4366860400188
2025-12-14 07:00,36.75631052332127
2025-12-14 08:00,41.759492056122006
2025-12-14 09:00,50.19771571970103
2025-12-14 10:00,49.67004391289979
2025-12-14 11:00,55.398238055571966
2025-12-14 12:00,55.56552369477635
2025-12-14 13:00,54.50122222372369
2025-12-14 14:00,50.48404569104887
2025-12-14 15:00,51.42316334879926
2025-12-14 16:00,46.6180775954893
2025-12-14 17:00,42.42923674851418
2025-12-14 18:00,43.02633588072687
2025-12-14 19:00,42.463009912251884
2025-12-14 20:00,34.78024274610582
2025-12-14 21:00,34.04465103049788
2025-12-14 22:00,32.6326000590745
2025-12-14 23:00,31.433148214921527
2025-12-15 00:00,12.639790378294682
2025-12-15 01:00,11.077095552198314
2025-12-15 02:00,8.714260376711819
2025-12-15 03:00,9.643447109544642
2025-12-15 04:00,5.519884895610988
2025-12-15 05:00,4.820119324176395
2025-12-15 06:00,4.5994007844538
2025-12-15 07:00,2.1661997291101627
2025-12-15 08:00,1.8624102398648732
2025-12-15 09:00,1.9118581230303453
2025-12-15 10:00,2.0148219230979176
2025-12-15 11:00,3.2337090020084696
2025-12-15 12:00,3.054578115011079
2025-12-15 13:00,2.611694258067373
2025-12-15 14:00,2.2187171763920577
2025-12-15 15:00,2.402111619086907
2025-12-15 16:00,2.140728794671235
2025-12-15 17:00,2.2655104572068563
2025-12-15 18:00,3.299602695252125
2025-12-15 19:00,5.842777298429856
2025-12-15 20:00,8.524922406587683
2025-12-15 21:00,7.609026329311924
2025-12-15 22:00,12.835149865694573
2025-12-15 23:00,16.316817059944913
2025-12-16 00:00,11.840187706774735
2025-12-16 01:00,12.814663697740011
2025-12-16 02:00,14.621148065590427
2025-12-16 03:00,16.892984586216247
2025-12-16 04:00,17.79896340106976
2025-12-16 05:00,18.29326451153048
2025-12-16 06:00,18.45683640748162
2025-12-16 07:00,18.90413419351648
2025-12-16 08:00,16.926174877628558
2025-12-16 09:00,14.697535142006616
2025-12-16 10:00,13.866886686281186
2025-12-16 11:00,14.606769251461662
2025-12-16 12:00,13.671288255351131
2025-12-16 13:00,12.651168220977269
2025-12-16 14:00,10.870194788934327
2025-12-16 15:00,9.59724616366185
2025-12-16 16:00,9.647776112393618
2025-12-16 17:00,8.222749242704557
2025-12-16 18:00,6.3880912552675495
2025-12-16 19:00,4.654823231731609
2025-12-16 20:00,4.703332182943245
2025-12-16 21:00,5.339787945025716
2025-12-16 22:00,5.8084090557212065
2025-12-16 23:00,6.202436993656749
2025-12-17 00:00,2.7110273887133087
2025-12-17 01:00,4.050521714033933
2025-12-17 02:00,5.341521330122077
2025-12-17 03:00,6.712181783016455
2025-12-17 04:00,7.9260658452592105
2025-12-17 05:00,10.282248414839156
2025-12-17 06:00,14.37751777413875
2025-12-17 07:00,19.999055241457928
2025-12-17 08:00,22.23946231015607
2025-12-17 09:00,27.07016077596971
2025-12-17 10:00,30.273495033142456
2025-12-17 11:00,32.165199245522736
2025-12-17 12:00,36.56381636763885
2025-12-17 13:00,38.14626673283874
2025-12-17 14:00,37.35275586567272
2025-12-17 15:00,37.0949022351414
2025-12-17 16:00,32.98811744505171
2025-12-17 17:00,28.274709634881834
2025-12-17 18:00,27.448226933440594
2025-12-17 19:00,21.847173433670235
2025-12-17 20:00,17.446550347115842
2025-12-17 21:00,16.118688339810927
2025-12-17 22:00,14.08817117429111
2025-12-17 23:00,11.924427744128394
2025-12-18 00:00,6.81579570933111
2025-12-18 01:00,7.483645601886884
2025-12-18 02:00,5.928955843532534
2025-12-18 03:00,5.197774519883848
2025-12-18 04:00,5.36450110754138
2025-12-18 05:00,4.489356085276384
2025-12-18 06:00,2.5869840968380236
2025-12-18 07:00,1.5629186507224364
2025-12-18 08:00,1.6103609112442243
2025-12-18 09:00,1.6526671708254377
2025-12-18 10:00,1.5297987088919
2025-12-18 11:00,0.6892259755880912
2025-12-18 12:00,0.994123509264153
2025-12-18 13:00,1.8752712416989592
2025-12-18 14:00,2.4448749572199495
2025-12-18 15:00,4.5001198465969665
2025-12-18 16:00,2.252261206196941
2025-12-18 17:00,2.652581414098243
2025-12-18 18:00,2.3181995038577043
2025-12-18 19:00,3.0702301308964137
2025-12-18 20:00,1.585186765669541
2025-12-18 21:00,1.4929763469214012
2025-12-18 22:00,1.5162406364910277
2025-12-18 23:00,1.6728920716565214
2025-12-19 00:00,7.027374161019537
2025-12-19 01:00,5.194212590466378
2025-12-19 02:00,4.840774750109481
2025-12-19 03:00,4.030669333026079
2025-12-19 04:00,3.871946340559304
2025-12-19 05:00,3.569357817563738
2025-12-19 06:00,3.894215557765437
2025-12-19 07:00,3.620694466897555
2025-12-19 08:00,5.020993631620535
2025-12-19 09:00,5.108712332645102
2025-12-19 10:00,6.941628947304754
2025-12-19 11:00,8.14660694741751
2025-12-19 12:00,8.473165300142247
2025-12-19 13:00,10.821717734157346
2025-12-19 14:00,9.764111062719161
2025-12-19 15:00,13.961989654989772
2025-12-19 16:00,16.044837083290435
2025-12-19 17:00,14.924062670069253
2025-12-19 18:00,16.88416336559129
2025-12-19 19:00,17.271787073501297
2025-12-19 20:00,19.57453409377736
2025-12-19 21:00,20.29551928144618
2025-12-19 22:00,22.58588929288307
2025-12-19 23:00,22.53901523163147
2025-12-20 00:00,18.956460174799986
2025-12-20 01:00,22.742752224504915
2025-12-20 02:00,23.642944033319566
2025-12-20 03:00,23.797965954582665
2025-12-20 04:00,26.731418399776413
2025-12-20 05:00,27.73452364003573
2025-12-20 06:00,28.279209320916518
2025-12-20 07:00,30.366821649615805
2025-12-20 08:00,26.14180243626987
2025-12-20 09:00,19.962602491553366
2025-12-20 10:00,17.34058328132962
2025-12-20 11:00,12.280073972178727
2025-12-20 12:00,12.317964649739807
2025-12-20 13:00,14.14352424056735
2025-12-20 14:00,22.2742284135806
2025-12-20 15:00,27.982978173965034
2025-12-20 16:00,38.5631369395531
2025-12-20 17:00,45.03080607166862
2025-12-20 18:00,50.18540507507555
2025-12-20 19:00,52.054890559306045
2025-12-20 20:00,51.60138639212996
2025-12-20 21:00,53.61024020667665
2025-12-20 22:00,51.00636758807459
2025-12-20 23:00,52.116115599459924
2025-12-21 00:00,53.398927777356306
2025-12-21 01:00,58.107842610012085
2025-12-21 02:00,58.09405671563375
2025-12-21 03:00,58.34575344728152
2025-12-21 04:00,57.17748015235907
2025-12-21 05:00,54.63857034671901
2025-12-21 06:00,52.564098445400354
2025-12-21 07:00,51.85748668779283
2025-12-21 08:00,49.68108594527428
2025-12-21 09:00,45.116336677339525
2025-12-21 10:00,41.4990969849949
2025-12-21 11:00,40.32704467319345
2025-12-21 12:00,41.39345912326835
2025-12-21 13:00,42.27860128594657
2025-12-21 14:00,38.69603046713538
2025-12-21 15:00,39.92631122800088
2025-12-21 16:00,40.48300110645501
2025-12-21 17:00,38.16332573072442
2025-12-21 18:00,38.29420676655227
2025-12-21 19:00,36.06428387690867
2025-12-21 20:00,31.048400639535828
2025-12-21 21:00,26.70531299547929
2025-12-21 22:00,25.433627052413183
2025-12-21 23:00,24.4021362396421
2025-12-22 00:00,21.835530861975112
2025-12-22 01:00,21.451565031865915
2025-12-22 02:00,20.518908775470805
2025-12-22 03:00,18.32279235775698
2025-12-22 04:00,16.389121665569448
2025-12-22 05:00,15.340009375570773
2025-12-22 06:00,16.511380644146495
2025-12-22 07:00,14.177347917594645
2025-12-22 08:00,10.92284593560207
2025-12-22 09:00,8.6177785401919
2025-12-22 10:00,6.680295537503004
2025-12-22 11:00,5.842929691078557
2025-12-22 12:00,5.481284095809223
2025-12-22 13:00,6.29065971610136
2025-12-22 14:00,5.872532140862489
2025-12-22 15:00,6.491099082267305
2025-12-22 16:00,6.00851365803521
2025-12-22 17:00,6.908138709443693
2025-12-22 18:00,6.644313161017546
2025-12-22 19:00,6.569951586814892
2025-12-22 20:00,3.5179478601734844
2025-12-22 21:00,3.197304424626715
2025-12-22 22:00,2.791739938483932
2025-12-22 23:00,1.7621958314381034
2025-12-23 00:00,1.6106461262773706
2025-12-23 01:00,1.4589046806233625
2025-12-23 02:00,1.7006667087614862
2025-12-23 03:00,2.432347556463721
2025-12-23 04:00,3.041981658060146
2025-12-23 05:00,4.71007302449091
2025-12-23 06:00,4.106146503727145
2025-12-23 07:00,3.630766561584967
2025-12-23 08:00,5.307150756951683
2025-12-23 09:00,7.070503655262541
2025-12-23 10:00,8.112694928089494
2025-12-23 11:00,10.258109152636413
2025-12-23 12:00,13.297958242084462
2025-12-23 13:00,17.067474029978815
2025-12-23 14:00,16.480864488755575
2025-12-23 15:00,14.983131260866529
2025-12-23 16:00,13.946222424481698
2025-12-23 17:00,11.053225426750132
2025-12-23 18:00,13.770448294984709
2025-12-23 19:00,10.410781333178631
2025-12-23 20:00,11.58474452651807
2025-12-23 21:00,12.377925124802259
2025-12-23 22:00,12.616011532222558
2025-12-23 23:00,13.602676605078543
2025-12-24 00:00,17.048393196260495
2025-12-24 01:00,21.668850913908084
2025-12-24 02:00,26.27582301932136
2025-12-24 03:00,28.788870991781227
2025-12-24 04:00,36.237908007808166
2025-12-24 05:00,40.94138092513896
2025-12-24 06:00,40.803494494000375
2025-12-24 07:00,41.746127245855234
2025-12-24 08:00,40.84596484773159
2025-12-24 09:00,37.228077753410645
2025-12-24 10:00,36.37235081444328
2025-12-24 11:00,36.47050181781064
2025-12-24 12:00,38.430781312296745
2025-12-24 13:00,38.20204493186724
2025-12-24 14:00,38.22551976709405
2025-12-24 15:00,42.97545824674709
2025-12-24 16:00,43.96825819316666
2025-12-24 17:00,44.62772100149051
2025-12-24 18:00,43.050026918978965
2025-12-24 19:00,43.11106551914315
2025-12-24 20:00,44.93972279985877
2025-12-24 21:00,44.54208990397655
2025-12-24 22:00,41.80693408870054
2025-12-24 23:00,36.950147026135646
2025-12-25 00:00,35.31035160059494
2025-12-25 01:00,35.55498331897359
2025-12-25 02:00,37.415921508617465
2025-12-25 03:00,46.60184637861642
2025-12-25 04:00,46.03860836756028
2025-12-25 05:00,48.46158279569298
2025-12-25 06:00,52.704366493546964
2025-12-25 07:00,56.58798537826357
2025-12-25 08:00,53.71633333252772
2025-12-25 09:00,59.56239216596267
2025-12-25 10:00,57.237767277487904
2025-12-25 11:00,56.610808723585855
2025-12-25 12:00,56.33507250556189
2025-12-25 13:00,55.49423425478462
2025-12-25 14:00,54.681283266599536
2025-12-25 15:00,54.578179906780484
2025-12-25 16:00,55.05281879795988
2025-12-25 17:00,55.51934914986325
2025-12-25 18:00,55.96784779517292
2025-12-25 19:00,55.95275034720686
2025-12-25 20:00,57.7030258623534
2025-12-25 21:00,57.21623389598232
2025-12-25 22:00,58.19241246721881
2025-12-25 23:00,56.49053318090583
2025-12-26 00:00,56.04604983566679
2025-12-26 01:00,57.09607183595515
2025-12-26 02:00,56.038290341736
2025-12-26 03:00,56.278883356990725
2025-12-26 04:00,56.515792325220445
2025-12-26 05:00,55.89231928092979
2025-12-26 06:00,56.67995088012774
2025-12-26 07:00,55.91586081088881
2025-12-26 08:00,55.18944079879046
2025-12-26 09:00,53.476999180858456
2025-12-26 10:00,49.868065857677884
2025-12-26 11:00,47.71097710447011
2025-12-26 12:00,47.425981757282294
2025-12-26 13:00,48.56866128635145
2025-12-26 14:00,46.43930218618933
2025-12-26 15:00,46.626702798540414
2025-12-26 16:00,46.51736339895054
2025-12-26 17:00,43.73859514290334
2025-12-26 18:00,39.55559491440653
2025-12-26 19:00,35.694781908571464
2025-12-26 20:00,27.644819135672478
2025-12-26 21:00,21.450323986349677
2025-12-26 22:00,15.2847320360436
2025-12-26 23:00,9.790943106816908
2025-12-27 00:00,9.503210445401644
2025-12-27 01:00,7.117531416904117
2025-12-27 02:00,5.636580784167452
2025-12-27 03:00,4.161619475694956
2025-12-27 04:00,2.8595174551406823
2025-12-27 05:00,1.6419305258136119
2025-12-27 06:00,1.4390926471626135
2025-12-27 07:00,0.9283514322068894
2025-12-27 08:00,1.1433546961607683
2025-12-27 09:00,1.0698490308913462
2025-12-27 10:00,1.3426242724418074
2025-12-27 11:00,0.785710733436347
2025-12-27 12:00,0.8563767881529664
2025-12-27 13:00,1.004418992384062
2025-12-27 14:00,0.778919513655658
2025-12-27 15:00,1.4712123059784739
2025-12-27 16:00,1.5868901731893736
2025-12-27 17:00,3.1444240152656158
2025-12-27 18:00,4.152749881336884
2025-12-27 19:00,3.903217948282073
2025-12-27 20:00,4.4096943666033654
2025-12-27 21:00,3.7876147759286813
2025-12-27 22:00,4.3464060102864455
2025-12-27 23:00,4.755586172465159
2025-12-28 00:00,3.814699649623081
2025-12-28 01:00,4.103008291603274
2025-12-28 02:00,4.676946733715066
2025-12-28 03:00,3.9638965079979864
2025-12-28 04:00,3.8913037196279965
2025-12-28 05:00,3.9174405227981524
2025-12-28 06:00,5.204244185628056
2025-12-28 07:00,6.182802254863524
2025-12-28 08:00,6.389634592136912
2025-12-28 09:00,6.153326635469448
2025-12-28 10:00,5.658796994962408
2025-12-28 11:00,8.738836129488865
2025-12-28 12:00,10.542207707717177
2025-12-28 13:00,12.993954595202354
2025-12-28 14:00,12.345805022110303
2025-12-28 15:00,14.792328314262727
2025-12-28 16:00,18.73523804947382
2025-12-28 17:00,21.50094520279245
2025-12-28 18:00,21.966868975879816
2025-12-28 19:00,25.25874078318547
2025-12-28 20:00,31.810317482253577
2025-12-28 21:00,30.49729651848483
2025-12-28 22:00,32.93497058417163
2025-12-28 23:00,34.36628394166561
2025-12-29 00:00,20.505566008095908
2025-12-29 01:00,20.748087881062386
2025-12-29 02:00,22.789264838558864
2025-12-29 03:00,21.952712470542235
2025-12-29 04:00,23.575349447697434
2025-12-29 05:00,24.945023179647958
2025-12-29 06:00,25.005421206665705
2025-12-29 07:00,23.168984731447097
2025-12-29 08:00,25.1008660035489
2025-12-29 09:00,24.84393401363843
2025-12-29 10:00,23.644541081664016
2025-12-29 11:00,23.249268170611497
2025-12-29 12:00,22.936187906755237
2025-12-29 13:00,23.102388177905492
2025-12-29 14:00,21.9054535095237
2025-12-29 15:00,21.796584704101914
2025-12-29 16:00,23.13005223126467
2025-12-29 17:00,23.12194639407916
2025-12-29 18:00,24.385263900932426
2025-12-29 19:00,24.625343424437236
2025-12-29 20:00,21.78174188442421
2025-12-29 21:00,20.26264662508761
2025-12-29 22:00,17.725007217250937
2025-12-29 23:00,17.41811534803026
2025-12-30 00:00,20.067462635432705
2025-12-30 01:00,21.838626975152682
2025-12-30 02:00,22.591812704782555
2025-12-30 03:00,28.08138239895222
2025-12-30 04:00,32.0788769418351
2025-12-30 05:00,35.348221776697386
2025-12-30 06:00,38.57004606626828
2025-12-30 07:00,38.543308329634726
2025-12-30 08:00,37.86556616508756
2025-12-30 09:00,35.244349020102185
2025-12-30 10:00,29.81251395380795
2025-12-30 11:00,32.81353010450873
2025-12-30 12:00,33.66258281300035
2025-12-30 13:00,33.303235711369744
2025-12-30 14:00,34.74480991936673
2025-12-30 15:00,35.69361699221869
2025-12-30 16:00,31.051162957783813
2025-12-30 17:00,29.646656280726024
2025-12-30 18:00,24.428981344631243
2025-12-30 19:00,21.62362914378839
2025-12-30 20:00,14.417474486715284
2025-12-30 21:00,12.938396459438025
2025-12-30 22:00,11.802072767361096
2025-12-30 23:00,8.460805148972254
2025-12-31 00:00,10.035028417613313
2025-12-31 01:00,17.069542438100182
2025-12-31 02:00,25.43749208485147
2025-12-31 03:00,27.895629501822935
2025-12-31 04:00,34.596221227621854
2025-12-31 05:00,42.74964665184066
2025-12-31 06:00,44.15008763952098
2025-12-31 07:00,41.533258108681984
2025-12-31 08:00,38.79590741439292
2025-12-31 09:00,40.33796009034804
2025-12-31 10:00,39.02443472824438
2025-12-31 11:00,42.80836645213194
2025-12-31 12:00,43.999746491033655
2025-12-31 13:00,44.63207769575248
2025-12-31 14:00,45.78698382179198
2025-12-31 15:00,47.15105277969806
2025-12-31 16:00,45.59099426756578
2025-12-31 17:00,47.94192819379898
2025-12-31 18:00,47.863375300882176
2025-12-31 19:00,47.45739731838922
2025-12-31 20:00,46.718382746795406
2025-12-31 21:00,46.44975336146757
2025-12-31 22:00,45.444668506028
2025-12-31 23:00,44.66317638575371
